ticket_id,customer_name,customer_email,ticket_type,ticket_text,priority,status,channel
TCK-10285,Rahul Davis,rahul.davis46@example.com,Login Problem,Urgent: My account says 'Account Temporarily Locked due to too many failed attempts'. How do I unlock it? I need access for my work urgently. Thank you!,High,Pending Customer,Mobile App
TCK-10781,Rahul Miller,rahul.miller29@example.com,Refund Request,"Hello, I cancelled order #168555 within 30 minutes of placing it. Please confirm when the refund will reflect in my bank account. Let me know how to proceed.",Low,Resolved,Live Chat
TCK-11477,Daniel Rodriguez,daniel.rodriguez48@example.com,Delivery Issue,Courier says delivery address is 'Incomplete / Missing Apt Number' even though my order confirmation shows complete details. Thanks.,Low,Pending Customer,Web Portal
TCK-11124,Ananya Brown,ananya.brown62@example.com,Account Issue,"To whom it may concern: I want to change my account phone number for security verification, but the system prompts me to verify via the old number which is deactivated. Appreciate your quick assistance.",Medium,In Progress,Live Chat
TCK-11293,James Williams,james.williams88@example.com,Product Complaint,"Fragile glass vase was shipped without adequate bubble wrap or protective padding, arriving completely shattered into pieces. Thank you!",Low,Resolved,Live Chat
TCK-10242,Casey Kim,casey.kim71@example.com,Login Problem,"Hey, Single Sign-On (SSO) via Google returns an error 'OAuth2 callback failed: 403 Forbidden'. Unable to access my dashboard. Appreciate your quick assistance.",High,In Progress,Web Portal
TCK-10424,Neha Kim,neha.kim53@example.com,Order Status,"Hey, Is there any update on the backordered item in order #835053? It has been 2 weeks since the expected restock date. Thank you!",Low,Resolved,Live Chat
TCK-11494,Aarav Tanaka,aarav.tanaka52@example.com,Delivery Issue,"Good day, The parcel was left out in heavy pouring rain on my uncovered driveway instead of under the covered front porch. Appreciate your quick assistance.",Low,In Progress,Mobile App
TCK-11282,Michael Kim,michael.kim11@example.com,Product Complaint,"Urgent: Product description claimed this monitor has built-in speakers and HDR support, but the unit received lacks both features entirely. Appreciate your quick assistance.",High,Resolved,Mobile App
TCK-11313,Taylor Sharma,taylor.sharma92@example.com,Product Complaint,"Hello, The camera lens has internal dust particles sealed beneath the glass element which blurs every photo taken. Kindly advise.",Medium,In Progress,Mobile App
TCK-10712,Priya Miller,priya.miller89@example.com,Refund Request,Sent the package back via postal return. Where is my refund? It has been over two weeks. Please help me resolve this ASAP.,High,Pending Customer,Email
TCK-10527,Sam Davis,sam.davis98@example.com,Order Status,Urgent: Order status shows 'In Transit' for the last 10 days with no location scans since leaving the regional sorting hub. Let me know how to proceed.,High,Pending Customer,Web Portal
TCK-11513,David Verma,david.verma62@example.com,Delivery Issue,Urgent: The parcel was left out in heavy pouring rain on my uncovered driveway instead of under the covered front porch. Let me know how to proceed.,Critical,Pending Customer,Web Portal
TCK-10899,William Brown,william.brown24@example.com,Technical Support,Urgent: Exported CSV files have corrupted text formatting and broken UTF-8 encoding for international non-English characters. Looking forward to your prompt response.,High,Resolved,Mobile App
TCK-11572,Mia Tanaka,mia.tanaka98@example.com,Delivery Issue,My delivery is delayed by over 6 business days with zero explanations from the courier service. Placed order #811428. Kindly advise.,Medium,Pending Customer,Web Portal
TCK-11173,Mia Williams,mia.williams45@example.com,Account Issue,"Good day, My student discount verification was approved by SheerID, but my subscription billing still shows standard commercial price. Looking forward to your prompt response.",Medium,Open,Email
TCK-10687,Pat Davis,pat.davis35@example.com,Refund Request,Help needed: Sent the package back via postal return. Where is my refund? It has been over two weeks. Let me know how to proceed.,Low,Resolved,Live Chat
TCK-10347,Sam Johnson,sam.johnson59@example.com,Login Problem,Urgent: Biometric Face ID login failed on my iOS device and now asking for a master PIN that I never configured during initial setup. Thank you!,Critical,Pending Customer,Web Portal
TCK-11215,William Tanaka,william.tanaka39@example.com,Product Complaint,To whom it may concern: The camera lens has internal dust particles sealed beneath the glass element which blurs every photo taken. Kindly advise.,Medium,Resolved,Live Chat
TCK-10419,Morgan Singh,morgan.singh79@example.com,Order Status,"Hi Support Team, I never received an order confirmation email with my tracking number for the purchase made yesterday evening. Card was charged. Thanks.",Low,In Progress,Web Portal
TCK-11244,Alexander Garcia,alexander.garcia60@example.com,Product Complaint,"Hello, Shoes look like they were previously worn; the soles are scuffed and dirty right out of the sealed shipping box. Looking forward to your prompt response.",Medium,Open,Live Chat
TCK-10425,Isabella Patel,isabella.patel17@example.com,Order Status,"Good day, Checking if order #821837 can still be expedited to express next-day delivery? I am willing to pay the difference. Please help me resolve this ASAP.",Critical,In Progress,Mobile App
TCK-11272,Morgan Patel,morgan.patel61@example.com,Product Complaint,"Help needed: The material of this winter coat is extremely cheap and thin, completely different from what was advertised in your product photos. Thank you!",Medium,Open,Web Portal
TCK-10846,Amelia Lee,amelia.lee52@example.com,Technical Support,"Urgent: File upload feature fails for files larger than 15MB with 'Payload Too Large' error, despite our plan allowing up to 100MB uploads. Looking forward to your prompt response.",Critical,Pending Customer,Live Chat
TCK-11290,Aarav Sharma,aarav.sharma67@example.com,Product Complaint,The zipper on this leather backpack broke off on day two of use. This is unacceptable for a luxury price product. Looking forward to your prompt response.,Low,Pending Customer,Mobile App
TCK-10378,William Sharma,william.sharma42@example.com,Login Problem,My account says 'Account Temporarily Locked due to too many failed attempts'. How do I unlock it? I need access for my work urgently. Thanks.,High,Pending Customer,Mobile App
TCK-10525,Priya Johnson,priya.johnson26@example.com,Order Status,Urgent: Order status shows 'In Transit' for the last 10 days with no location scans since leaving the regional sorting hub. Looking forward to your prompt response.,High,Pending Customer,Mobile App
TCK-10889,Neha Smith,neha.smith64@example.com,Technical Support,"Hi Support Team, Search functionality in the app is broken; typing any search query returns an unhandled React error in the browser console. Thank you!",Medium,Open,Live Chat
TCK-10013,Priya Jones,priya.jones96@example.com,Payment Issue,"Hi Support Team, The installment payment option failed to split my bill, and you deducted the full amount of $271.99 at once. Please correct the installment plan. Thank you!",Medium,Open,Email
TCK-11442,Mia Kim,mia.kim71@example.com,Delivery Issue,"Hello, Courier says delivery address is 'Incomplete / Missing Apt Number' even though my order confirmation shows complete details. Please help me resolve this ASAP.",High,Pending Customer,Web Portal
TCK-11565,Amelia Verma,amelia.verma82@example.com,Delivery Issue,"To whom it may concern: The courier driver refused to bring the heavy 45kg parcel up to my apartment floor, leaving it on the street sidewalk. Appreciate your quick assistance.",Low,In Progress,Email
TCK-10668,Emma Kim,emma.kim66@example.com,Refund Request,Urgent: Overcharged by $741.50 due to recurring billing glitch after account cancellation. Please reverse and refund this immediately. Thanks.,High,Pending Customer,Mobile App
TCK-11446,Casey Tanaka,casey.tanaka97@example.com,Delivery Issue,"The courier driver refused to bring the heavy 45kg parcel up to my apartment floor, leaving it on the street sidewalk. This is very frustrating.",High,Pending Customer,Mobile App
TCK-11560,Alex Sharma,alex.sharma82@example.com,Delivery Issue,Help needed: The parcel was left out in heavy pouring rain on my uncovered driveway instead of under the covered front porch. Looking forward to your prompt response.,Low,In Progress,Mobile App
TCK-10864,Neha Lee,neha.lee19@example.com,Technical Support,"Hey, The browser extension freezes Chrome tabs when scrolling through large document lists. Need an updated patch or workaround. Let me know how to proceed.",Low,In Progress,Mobile App
TCK-10164,Daniel Chen,daniel.chen55@example.com,Payment Issue,Urgent: Payment verification OTP is never delivered to my registered phone number during 3D Secure authentication. Payment times out every time. Please help me resolve this ASAP.,High,In Progress,Live Chat
TCK-10825,Alexander Kim,alexander.kim75@example.com,Technical Support,"To whom it may concern: After the latest firmware v2.4.1 update, the smart hub disconnects from Wi-Fi every 15 minutes and requires a manual power cycle. Appreciate your quick assistance.",Low,In Progress,Live Chat
TCK-10664,James Sharma,james.sharma34@example.com,Refund Request,"Hello, Can I get a refund back to my original payment method? I have already shipped the return item. Kindly advise.",Medium,Pending Customer,Web Portal
TCK-10849,Daniel Martinez,daniel.martinez68@example.com,Technical Support,"Urgent: SSL certificate on your webhook callback domain appears to have expired yesterday, causing all our automated background jobs to fail. Thanks.",High,Resolved,Email
TCK-11054,Amelia Patel,amelia.patel60@example.com,Account Issue,"Dear Customer Service, I would like to permanently delete my account and erase all associated personal data in accordance with GDPR regulations. Thanks.",Medium,In Progress,Mobile App
TCK-10944,Alexander Rodriguez,alexander.rodriguez52@example.com,Technical Support,Help needed: Database sync is failing between the mobile client and the cloud server. Offline edits are completely lost upon reconnecting. Please help me resolve this ASAP.,High,Resolved,Mobile App
TCK-11147,Michael Chen,michael.chen28@example.com,Account Issue,To whom it may concern: I need to change my primary registered email address from old@example.com to new@example.com because I lost access to the old email provider. Thank you!,Medium,In Progress,Email
TCK-11133,Riley Verma,riley.verma34@example.com,Account Issue,"Help needed: I upgraded my plan from Basic to Pro, but my account dashboard is still displaying Basic tier limits and restrictions. Thank you!",Low,In Progress,Mobile App
TCK-10559,Morgan Jones,morgan.jones47@example.com,Order Status,Urgent: Order #215472 is shown as 'Preparing for dispatch' since Monday. Customer care bot is not providing meaningful updates. Thanks.,High,Pending Customer,Mobile App
TCK-10111,William Tanaka,william.tanaka78@example.com,Payment Issue,"Hello, Payment went through and I have bank reference #REF-90060, but the cart still says 'Awaiting Payment' and did not issue an order receipt. Kindly advise.",Low,Pending Customer,Live Chat
TCK-10189,Chris Rodriguez,chris.rodriguez92@example.com,Payment Issue,"Urgent: Payment went through and I have bank reference #REF-97010, but the cart still says 'Awaiting Payment' and did not issue an order receipt. Let me know how to proceed.",Critical,In Progress,Web Portal
TCK-10581,William Wang,william.wang10@example.com,Order Status,To whom it may concern: Can you send me the invoice and live GPS tracking link for order #445653 placed under my business account? Looking forward to your prompt response.,Medium,In Progress,Web Portal
TCK-11383,Michael Rodriguez,michael.rodriguez19@example.com,Product Complaint,"Hello, The non-stick frying pan coating began peeling and flaking into food after just three gentle hand-wash cleanings. Let me know how to proceed.",Low,Pending Customer,Live Chat
TCK-10691,Taylor Rodriguez,taylor.rodriguez88@example.com,Refund Request,"Good day, Can I get a refund back to my original payment method? I have already shipped the return item. This is very frustrating.",High,Open,Email
TCK-11192,Aarav Tanaka,aarav.tanaka89@example.com,Account Issue,"Hi Support Team, How can I merge two accounts created under different email addresses so all my purchased licenses are under one master profile? Looking forward to your prompt response.",Medium,Open,Email
TCK-11030,Olivia Davis,olivia.davis93@example.com,Account Issue,"Good day, I need to change my primary registered email address from old@example.com to new@example.com because I lost access to the old email provider.",Low,In Progress,Web Portal
TCK-10336,James Martinez,james.martinez62@example.com,Login Problem,Help needed: Two-factor authentication code (2FA) is not arriving on my phone number. I have been locked out of my portal for 4 hours. Thanks.,Critical,Pending Customer,Web Portal
TCK-11497,Morgan Wang,morgan.wang88@example.com,Delivery Issue,"The delivery driver literally threw the heavy parcel over my high front fence, denting the outer shipping box. Looking forward to your prompt response.",Medium,Pending Customer,Email
TCK-10535,Priya Gupta,priya.gupta79@example.com,Order Status,"Hey, Can you please provide the latest tracking status for my order #314536? Placed it 6 days ago and haven't received any dispatch email. Let me know how to proceed.",Medium,Open,Mobile App
TCK-11401,Jordan Davis,jordan.davis83@example.com,Delivery Issue,"Hey, The courier tracking shows 'Returned to Sender - Recipient Not Found' without making any delivery attempt or phone call. Please help me resolve this ASAP.",Critical,Pending Customer,Email
TCK-10451,David Kim,david.kim95@example.com,Order Status,I need to check the delivery timeline for purchase #115292. Will it reach before Friday as I am traveling out of state? Appreciate your quick assistance.,Low,In Progress,Live Chat
TCK-10874,Michael Williams,michael.williams55@example.com,Technical Support,Urgent: The browser extension freezes Chrome tabs when scrolling through large document lists. Need an updated patch or workaround. Appreciate your quick assistance.,Critical,Open,Email
TCK-10879,Amelia Verma,amelia.verma85@example.com,Technical Support,Search functionality in the app is broken; typing any search query returns an unhandled React error in the browser console. This is very frustrating.,High,Resolved,Live Chat
TCK-10638,Daniel Wang,daniel.wang80@example.com,Refund Request,"Good day, I was promised a full refund of $197.00 due to defective parts, but you only credited a partial amount of $25. Please refund the remainder. Let me know how to proceed.",Medium,Pending Customer,Email
TCK-11074,Sophia Chen,sophia.chen76@example.com,Account Issue,Urgent: How can I merge two accounts created under different email addresses so all my purchased licenses are under one master profile? This is very frustrating.,Critical,Pending Customer,Email
TCK-10854,Morgan Patel,morgan.patel99@example.com,Technical Support,"Hello, File upload feature fails for files larger than 15MB with 'Payload Too Large' error, despite our plan allowing up to 100MB uploads.",Medium,Pending Customer,Web Portal
TCK-10101,Pat Patel,pat.patel87@example.com,Payment Issue,"Dear Customer Service, I used a promo coupon code offering $30 discount, but my final invoice charged the full price without the promotional deduction. Looking forward to your prompt response.",Medium,Open,Mobile App
TCK-10680,Sophia Rodriguez,sophia.rodriguez55@example.com,Refund Request,"Hi Support Team, I am asking for my money back because the service was not provided. Please issue reimbursement.",Medium,Resolved,Web Portal
TCK-11153,Rahul Williams,rahul.williams37@example.com,Account Issue,"Help needed: I upgraded my plan from Basic to Pro, but my account dashboard is still displaying Basic tier limits and restrictions. This is very frustrating.",High,Open,Live Chat
TCK-10107,Neha Kim,neha.kim59@example.com,Payment Issue,"Help needed: The installment payment option failed to split my bill, and you deducted the full amount of $108.25 at once. Please correct the installment plan. Kindly advise.",Medium,In Progress,Email
TCK-10994,Rahul Jones,rahul.jones12@example.com,Technical Support,Urgent: Database sync is failing between the mobile client and the cloud server. Offline edits are completely lost upon reconnecting.,High,In Progress,Live Chat
TCK-10137,Nikhil Chen,nikhil.chen36@example.com,Payment Issue,"To whom it may concern: My payment failed during checkout using my Visa card, but money got deducted from my bank account. Order ID: #662641.",Medium,Resolved,Mobile App
TCK-10883,Morgan Sharma,morgan.sharma31@example.com,Technical Support,"Hello, Exported CSV files have corrupted text formatting and broken UTF-8 encoding for international non-English characters.",High,In Progress,Web Portal
TCK-10071,James Tanaka,james.tanaka23@example.com,Payment Issue,Help needed: Attempting to pay via PayPal gives error code PAY_9021. The payment processing loop just hangs without confirmation. Appreciate your quick assistance.,Medium,Pending Customer,Email
TCK-11532,Riley Martinez,riley.martinez40@example.com,Delivery Issue,"Hey, Courier says delivery address is 'Incomplete / Missing Apt Number' even though my order confirmation shows complete details. Let me know how to proceed.",Medium,In Progress,Mobile App
TCK-10895,Casey Davis,casey.davis92@example.com,Technical Support,"Hello, WebSocket connection drops repeatedly with code 1006. Reconnection attempts cause UI lag and high CPU consumption. Thank you!",Medium,Open,Web Portal
TCK-11400,Michael Lee,michael.lee55@example.com,Product Complaint,"Dear Customer Service, Shoes look like they were previously worn; the soles are scuffed and dirty right out of the sealed shipping box. Appreciate your quick assistance.",Medium,Open,Live Chat
TCK-10220,Pat Chen,pat.chen33@example.com,Login Problem,"Hey, Biometric Face ID login failed on my iOS device and now asking for a master PIN that I never configured during initial setup. Let me know how to proceed.",High,In Progress,Live Chat
TCK-10275,Aarav Kim,aarav.kim24@example.com,Login Problem,Biometric Face ID login failed on my iOS device and now asking for a master PIN that I never configured during initial setup. This is very frustrating.,Medium,Resolved,Live Chat
TCK-10187,Olivia Martinez,olivia.martinez26@example.com,Payment Issue,"Hey, Every time I try to complete payment using Google Pay, the checkout page refreshes and clears my shopping bag without placing the order. Kindly advise.",Low,Pending Customer,Email
TCK-10578,Emma Singh,emma.singh87@example.com,Order Status,Help needed: Order status shows 'In Transit' for the last 10 days with no location scans since leaving the regional sorting hub. Thank you!,Medium,Pending Customer,Web Portal
TCK-10438,Riley Martinez,riley.martinez18@example.com,Order Status,"Dear Customer Service, Checking if order #446566 can still be expedited to express next-day delivery? I am willing to pay the difference. Let me know how to proceed.",Medium,In Progress,Mobile App
TCK-11070,Alex Sharma,alex.sharma37@example.com,Account Issue,"Hello, How can I merge two accounts created under different email addresses so all my purchased licenses are under one master profile? Thank you!",Medium,Resolved,Mobile App
TCK-10610,Emma Williams,emma.williams44@example.com,Refund Request,"Good day, I cancelled order #292630 within 30 minutes of placing it. Please confirm when the refund will reflect in my bank account. Kindly advise.",Medium,In Progress,Live Chat
TCK-10935,Taylor Sharma,taylor.sharma35@example.com,Technical Support,"Help needed: After the latest firmware v2.4.1 update, the smart hub disconnects from Wi-Fi every 15 minutes and requires a manual power cycle. Let me know how to proceed.",Medium,In Progress,Mobile App
TCK-10039,Morgan Miller,morgan.miller28@example.com,Payment Issue,"Help needed: Payment went through and I have bank reference #REF-26963, but the cart still says 'Awaiting Payment' and did not issue an order receipt. Thank you!",Medium,Resolved,Web Portal
TCK-10585,Jordan Lee,jordan.lee69@example.com,Order Status,"Dear Customer Service, I ordered three items under order #613680, but received only one small parcel today. Are the remaining two items shipping separately? Appreciate your quick assistance.",Medium,Pending Customer,Email
TCK-10138,Pat Davis,pat.davis94@example.com,Payment Issue,"Hey, My Apple Pay transaction timed out at final review, yet my credit limit shows the hold. Did the payment clear or should I retry? Thanks.",Medium,In Progress,Web Portal
TCK-10837,Morgan Patel,morgan.patel78@example.com,Technical Support,"Hey, Mobile app push notifications are completely failing on Android 14 devices. Permissions are enabled in system settings. Thanks.",Low,In Progress,Email
TCK-10219,Aarav Singh,aarav.singh57@example.com,Login Problem,"Good day, Biometric Face ID login failed on my iOS device and now asking for a master PIN that I never configured during initial setup. Let me know how to proceed.",High,Open,Web Portal
TCK-10942,Sophia Johnson,sophia.johnson65@example.com,Technical Support,"Hey, The desktop application crashes immediately upon opening on macOS Sonoma. Error log mentions 'Segmentation fault at 0x000003'. Thank you!",High,Open,Mobile App
TCK-11336,Mia Patel,mia.patel23@example.com,Product Complaint,"Dear Customer Service, Product description claimed this monitor has built-in speakers and HDR support, but the unit received lacks both features entirely. Looking forward to your prompt response.",Medium,Open,Live Chat
TCK-11325,Neha Kim,neha.kim20@example.com,Product Complaint,"Hello, The size chart provided on your website is completely inaccurate. The XL shirt fits like a small medium. Requesting an exchange. Looking forward to your prompt response.",Low,Pending Customer,Live Chat
TCK-10021,Jordan Johnson,jordan.johnson94@example.com,Payment Issue,"Hey, I received an unexpected transaction alert of $584.00 from your company that I did not authorize. Please investigate this billing error. Kindly advise.",Medium,Open,Mobile App
TCK-11085,Rahul Smith,rahul.smith85@example.com,Account Issue,Help needed: I would like to permanently delete my account and erase all associated personal data in accordance with GDPR regulations. Please help me resolve this ASAP.,High,Resolved,Email
TCK-10406,Isabella Singh,isabella.singh23@example.com,Order Status,To whom it may concern: The tracking link provided in your email opens a blank page with error 'Tracking number not recognized by carrier'. Order #795250. Thank you!,Low,Resolved,Email
TCK-10650,Alex Rodriguez,alex.rodriguez58@example.com,Refund Request,Please cancel my annual subscription renewal and issue a full refund as per your 30-day money-back guarantee policy.,Medium,Pending Customer,Live Chat
TCK-10604,William Singh,william.singh18@example.com,Refund Request,"Dear Customer Service, Can I get a refund back to my original payment method? I have already shipped the return item. Thank you!",Medium,Resolved,Email
TCK-11259,Jordan Lee,jordan.lee83@example.com,Product Complaint,Urgent: Missing essential accessories: the package did not include the power charging adapter and USB cable specified on the box. Let me know how to proceed.,High,Resolved,Email
TCK-11527,Michael Kim,michael.kim79@example.com,Delivery Issue,"The courier driver refused to bring the heavy 45kg parcel up to my apartment floor, leaving it on the street sidewalk. Appreciate your quick assistance.",Medium,Pending Customer,Live Chat
TCK-10954,Olivia Martinez,olivia.martinez82@example.com,Technical Support,"Dear Customer Service, The REST API returns 429 Too Many Requests even though our traffic is well under the 60 requests/minute tier quota limit. Please help me resolve this ASAP.",High,In Progress,Live Chat
TCK-10394,Alexander Lee,alexander.lee57@example.com,Login Problem,Help needed: Verification code sent to authenticator app (Google Authenticator) says 'Code expired' every time I type it in. Appreciate your quick assistance.,Medium,Open,Email
TCK-11069,Casey Johnson,casey.johnson13@example.com,Account Issue,"Dear Customer Service, Our team seat count is capped at 5, but our invoice shows 10 active licenses. Please audit our user seats and adjust the billing tier. This is very frustrating.",High,Open,Live Chat
TCK-10663,Taylor Johnson,taylor.johnson21@example.com,Refund Request,"Good day, Requested a refund 2 weeks ago for order #728091. Still waiting. If not processed today, I will have to file a credit card chargeback. Let me know how to proceed.",High,Open,Web Portal
TCK-10596,Taylor Sharma,taylor.sharma11@example.com,Order Status,"Hi Support Team, Where is my package for order #916267? The courier tracking shows 'Manifest Created' but carrier has not picked it up. Let me know how to proceed.",Low,Resolved,Email
TCK-11062,Isabella Gupta,isabella.gupta75@example.com,Account Issue,"Hello, Please transfer ownership of our company team account to our new operations director email address.",Medium,Pending Customer,Web Portal
TCK-11311,Mia Jones,mia.jones23@example.com,Product Complaint,"Good day, The camera lens has internal dust particles sealed beneath the glass element which blurs every photo taken. Thanks.",Medium,Resolved,Email
TCK-11379,Rahul Patel,rahul.patel61@example.com,Product Complaint,"Good day, The camera lens has internal dust particles sealed beneath the glass element which blurs every photo taken. Appreciate your quick assistance.",Low,Pending Customer,Live Chat
TCK-10321,James Patel,james.patel84@example.com,Login Problem,"Hello, My account says 'Account Temporarily Locked due to too many failed attempts'. How do I unlock it? I need access for my work urgently. Please help me resolve this ASAP.",High,Resolved,Web Portal
TCK-10245,Ananya Singh,ananya.singh45@example.com,Login Problem,"Hello, I changed my registered email address last week, and now neither the old nor the new email is recognized by the login system. This is very frustrating.",Medium,Resolved,Email
TCK-11537,Avery Williams,avery.williams34@example.com,Delivery Issue,"Good day, The parcel was left out in heavy pouring rain on my uncovered driveway instead of under the covered front porch. Please help me resolve this ASAP.",Critical,Pending Customer,Web Portal
TCK-10511,Sophia Chen,sophia.chen11@example.com,Order Status,"Dear Customer Service, The tracking link provided in your email opens a blank page with error 'Tracking number not recognized by carrier'. Order #421185. Appreciate your quick assistance.",Medium,Resolved,Mobile App
TCK-11443,Taylor Singh,taylor.singh18@example.com,Delivery Issue,"Hey, Estimated delivery date has changed 4 times this week. First Monday, then Wednesday, now next week. Highly unreliable service. Appreciate your quick assistance.",Low,Resolved,Mobile App
TCK-10588,Neha Chen,neha.chen78@example.com,Order Status,"Could you confirm if order #224506 has been dispatched? The estimated arrival date was today, but no courier updates yet. Kindly advise.",Low,Open,Email
TCK-10082,Sam Brown,sam.brown65@example.com,Payment Issue,Help needed: Automatic renewal charged my expired card somehow and gave an overdue penalty of $823.00. Please fix my payment method. Thanks.,Medium,Open,Email
TCK-10526,Daniel Johnson,daniel.johnson44@example.com,Order Status,"Hey, Order #497657 has been stuck on 'Processing in Warehouse' for over a week. When will it actually ship out? Thank you!",Medium,Pending Customer,Email
TCK-11556,Pat Smith,pat.smith20@example.com,Delivery Issue,"Good day, Courier says delivery address is 'Incomplete / Missing Apt Number' even though my order confirmation shows complete details. Appreciate your quick assistance.",Medium,Pending Customer,Live Chat
TCK-10740,Amelia Sharma,amelia.sharma72@example.com,Refund Request,"Good day, I cancelled order #361031 within 30 minutes of placing it. Please confirm when the refund will reflect in my bank account. Please help me resolve this ASAP.",Critical,Open,Web Portal
TCK-10617,Ethan Patel,ethan.patel10@example.com,Refund Request,"Hey, How long does it take for a refund to show on a Visa debit card? Your support agent said 3-5 business days, but today is day 9. Looking forward to your prompt response.",Low,Open,Web Portal
TCK-10079,Avery Jones,avery.jones79@example.com,Payment Issue,"Good day, Attempting to pay via PayPal gives error code PAY_9021. The payment processing loop just hangs without confirmation.",Medium,Pending Customer,Email
TCK-10514,Isabella Sharma,isabella.sharma46@example.com,Order Status,"Hello, Could you confirm if order #813852 has been dispatched? The estimated arrival date was today, but no courier updates yet. Thanks.",Medium,Resolved,Email
TCK-10205,Priya Gupta,priya.gupta32@example.com,Login Problem,"Hey, Unable to sign in on Chrome desktop browser. Clearing cookies and cache did not help, getting 'Error 401 Unauthorized'. This is very frustrating.",High,Open,Live Chat
TCK-11432,Casey Kim,casey.kim60@example.com,Delivery Issue,"Hey, Signature was required for this high-value laptop delivery, yet the carrier signed on my behalf with fake initials and dumped it. Thanks.",Medium,In Progress,Web Portal
TCK-11457,Olivia Smith,olivia.smith39@example.com,Delivery Issue,"Hello, The courier driver refused to bring the heavy 45kg parcel up to my apartment floor, leaving it on the street sidewalk. This is very frustrating.",Medium,Pending Customer,Mobile App
TCK-10748,Priya Davis,priya.davis10@example.com,Refund Request,"Hello, The return courier picked up the parcel from my doorstep on Monday. Kindly initiate the refund to my original payment source. Looking forward to your prompt response.",Low,In Progress,Web Portal
TCK-10358,Pat Singh,pat.singh80@example.com,Login Problem,Help needed: Two-factor authentication code (2FA) is not arriving on my phone number. I have been locked out of my portal for 4 hours. Appreciate your quick assistance.,High,Resolved,Email
TCK-11257,Alex Williams,alex.williams13@example.com,Product Complaint,"To whom it may concern: Product description claimed this monitor has built-in speakers and HDR support, but the unit received lacks both features entirely. Kindly advise.",Medium,Pending Customer,Mobile App
TCK-10215,Mia Patel,mia.patel24@example.com,Login Problem,"Hey, The mobile app keeps logging me out every 2 minutes. When I attempt to re-login, the login button spins continuously without responding. Thanks.",Medium,Open,Live Chat
TCK-10857,Olivia Verma,olivia.verma68@example.com,Technical Support,"Help needed: After the latest firmware v2.4.1 update, the smart hub disconnects from Wi-Fi every 15 minutes and requires a manual power cycle. Looking forward to your prompt response.",Medium,In Progress,Live Chat
TCK-10869,Charlotte Patel,charlotte.patel32@example.com,Technical Support,"Audio output does not work during video conferences on the web app. Microphone input is detected, but remote audio is silent. Let me know how to proceed.",Low,Open,Email
TCK-11046,Chris Johnson,chris.johnson43@example.com,Account Issue,"Good day, How do I download a complete archive copy of my account data, purchase history, and uploaded invoices for tax auditing?",Medium,In Progress,Mobile App
TCK-11140,Alex Rodriguez,alex.rodriguez74@example.com,Account Issue,"Hi Support Team, How can I merge two accounts created under different email addresses so all my purchased licenses are under one master profile? Looking forward to your prompt response.",Medium,Open,Web Portal
TCK-10505,Avery Garcia,avery.garcia56@example.com,Order Status,"Good day, Order #229116 is shown as 'Preparing for dispatch' since Monday. Customer care bot is not providing meaningful updates. Thanks.",Medium,Resolved,Live Chat
TCK-11243,Sophia Davis,sophia.davis42@example.com,Product Complaint,Help needed: The size chart provided on your website is completely inaccurate. The XL shirt fits like a small medium. Requesting an exchange. Please help me resolve this ASAP.,High,Open,Email
TCK-10571,Priya Davis,priya.davis72@example.com,Order Status,"Could you confirm if order #309154 has been dispatched? The estimated arrival date was today, but no courier updates yet. Please help me resolve this ASAP.",Critical,Resolved,Mobile App
TCK-10926,James Sharma,james.sharma94@example.com,Technical Support,Urgent: Database sync is failing between the mobile client and the cloud server. Offline edits are completely lost upon reconnecting. Looking forward to your prompt response.,High,Resolved,Mobile App
TCK-10788,Priya Rodriguez,priya.rodriguez41@example.com,Refund Request,"Dear Customer Service, You approved my return request last Tuesday, but I have not received the credit note or refund payment confirmation yet. Please help me resolve this ASAP.",High,Open,Live Chat
TCK-10921,James Brown,james.brown81@example.com,Technical Support,"Help needed: File upload feature fails for files larger than 15MB with 'Payload Too Large' error, despite our plan allowing up to 100MB uploads. This is very frustrating.",Medium,In Progress,Email
TCK-11125,David Singh,david.singh52@example.com,Account Issue,I accidentally created two duplicate profiles for the same customer. Can your support team merge their loyalty points? Thank you!,Medium,Resolved,Web Portal
TCK-10679,Casey Martinez,casey.martinez40@example.com,Refund Request,"Urgent: Received defective electronic headphones. I don't want a replacement, I strictly request a full refund to my original card. Let me know how to proceed.",Critical,Resolved,Live Chat
TCK-10538,Daniel Jones,daniel.jones43@example.com,Order Status,"To whom it may concern: Could you confirm if order #647054 has been dispatched? The estimated arrival date was today, but no courier updates yet. Thanks.",Medium,Open,Live Chat
TCK-11092,Rahul Martinez,rahul.martinez58@example.com,Account Issue,"Hi Support Team, Please help me update the legal company name and tax ID (VAT number) on our corporate subscription account. Thank you!",Low,In Progress,Email
TCK-11511,Morgan Smith,morgan.smith82@example.com,Delivery Issue,My parcel was sent to the wrong delivery hub across the country due to a barcode sorting misroute. Need urgent reroute. Appreciate your quick assistance.,High,Pending Customer,Email
TCK-10299,Sophia Singh,sophia.singh29@example.com,Login Problem,To whom it may concern: Single Sign-On (SSO) via Google returns an error 'OAuth2 callback failed: 403 Forbidden'. Unable to access my dashboard. Thank you!,Medium,In Progress,Live Chat
TCK-10735,Nikhil Williams,nikhil.williams29@example.com,Refund Request,"Hello, Please cancel my annual subscription renewal and issue a full refund as per your 30-day money-back guarantee policy. Looking forward to your prompt response.",Medium,In Progress,Web Portal
TCK-11099,Neha Chen,neha.chen77@example.com,Account Issue,"Hey, I upgraded my plan from Basic to Pro, but my account dashboard is still displaying Basic tier limits and restrictions. Kindly advise.",Low,Resolved,Mobile App
TCK-10717,Rahul Lee,rahul.lee11@example.com,Refund Request,To whom it may concern: I want my money back for the defective item I returned last week. Please process the credit immediately. Kindly advise.,Critical,Open,Web Portal
TCK-11037,Emma Wang,emma.wang97@example.com,Account Issue,"To whom it may concern: How do I download a complete archive copy of my account data, purchase history, and uploaded invoices for tax auditing? Thanks.",Low,Open,Web Portal
TCK-10056,Ananya Miller,ananya.miller27@example.com,Payment Issue,"Hey, The installment payment option failed to split my bill, and you deducted the full amount of $412.00 at once. Please correct the installment plan. Thank you!",Medium,Open,Live Chat
TCK-10377,Avery Miller,avery.miller44@example.com,Login Problem,Help needed: Two-factor authentication code (2FA) is not arriving on my phone number. I have been locked out of my portal for 4 hours. Thanks.,High,Open,Mobile App
TCK-11402,Ananya Lee,ananya.lee12@example.com,Delivery Issue,"To whom it may concern: The delivery status has said 'Out for Delivery' for three consecutive days from 8 AM to 9 PM, but driver never shows up. Thank you!",Medium,In Progress,Live Chat
TCK-10316,James Johnson,james.johnson58@example.com,Login Problem,"Hello, I clicked 'Forgot Password' multiple times, but the password reset link email never arrives in my inbox or spam folder. Appreciate your quick assistance.",Low,Open,Web Portal
TCK-11295,Daniel Singh,daniel.singh58@example.com,Product Complaint,"Hi Support Team, The material of this winter coat is extremely cheap and thin, completely different from what was advertised in your product photos. Looking forward to your prompt response.",Medium,Pending Customer,Email
TCK-11263,Alexander Singh,alexander.singh18@example.com,Product Complaint,"To whom it may concern: One of the dining table legs is two inches shorter than the others, making the table wobble violently. Defective manufacturing.",Low,Resolved,Live Chat
TCK-10054,Riley Miller,riley.miller51@example.com,Payment Issue,"Dear Customer Service, I received an unexpected transaction alert of $216.75 from your company that I did not authorize. Please investigate this billing error. Appreciate your quick assistance.",Low,Pending Customer,Email
TCK-11051,Alexander Patel,alexander.patel11@example.com,Account Issue,"Good day, Please help me update the legal company name and tax ID (VAT number) on our corporate subscription account.",Low,Pending Customer,Web Portal
TCK-10498,Alexander Smith,alexander.smith32@example.com,Order Status,"Good day, Could you confirm if order #345840 has been dispatched? The estimated arrival date was today, but no courier updates yet. Let me know how to proceed.",Medium,Resolved,Web Portal
TCK-10464,Aarav Smith,aarav.smith66@example.com,Order Status,"Hello, I need to check the delivery timeline for purchase #753443. Will it reach before Friday as I am traveling out of state?",Low,Resolved,Mobile App
TCK-10208,Daniel Chen,daniel.chen22@example.com,Login Problem,"Dear Customer Service, I get 'Session expired - please login again' immediately after entering my correct username and password. Infinite loop bug. Kindly advise.",Critical,In Progress,Email
TCK-11576,Rahul Miller,rahul.miller13@example.com,Delivery Issue,"Hello, My parcel was sent to the wrong delivery hub across the country due to a barcode sorting misroute. Need urgent reroute. Please help me resolve this ASAP.",High,Pending Customer,Live Chat
TCK-11587,Aarav Kim,aarav.kim59@example.com,Delivery Issue,"Hey, Package is held at customs clearance depot for 8 days because the shipping invoice documentation was missing from the parcel. Thanks.",Medium,In Progress,Web Portal
TCK-10030,Taylor Garcia,taylor.garcia82@example.com,Payment Issue,"Hey, I was charged twice on my credit card for order #941056. Please check your billing system and reverse the duplicate $534.00 charge immediately. Kindly advise.",Critical,Pending Customer,Mobile App
TCK-11501,Sophia Verma,sophia.verma20@example.com,Delivery Issue,"Hello, The parcel was left out in heavy pouring rain on my uncovered driveway instead of under the covered front porch. Thanks.",Low,Resolved,Web Portal
TCK-10582,Riley Verma,riley.verma51@example.com,Order Status,Help needed: My order status abruptly changed from 'Shipped' back to 'On Hold'. What is the reason for this hold? This is very frustrating.,High,Pending Customer,Live Chat
TCK-10871,Sophia Verma,sophia.verma56@example.com,Technical Support,"Hey, Our developers are unable to integrate the Webhook endpoint. Incoming POST payloads are missing the signature verification header. Kindly advise.",Low,Resolved,Mobile App
TCK-11007,Morgan Singh,morgan.singh62@example.com,Account Issue,"Hello, Please help me update the legal company name and tax ID (VAT number) on our corporate subscription account. Thank you!",Medium,Resolved,Email
TCK-11254,Neha Lee,neha.lee31@example.com,Product Complaint,"Urgent: One of the dining table legs is two inches shorter than the others, making the table wobble violently. Defective manufacturing.",High,Pending Customer,Mobile App
TCK-10991,Emma Garcia,emma.garcia31@example.com,Technical Support,To whom it may concern: Mobile app push notifications are completely failing on Android 14 devices. Permissions are enabled in system settings. Thanks.,Low,Open,Web Portal
TCK-10127,Ethan Kim,ethan.kim26@example.com,Payment Issue,"Dear Customer Service, Automatic renewal charged my expired card somehow and gave an overdue penalty of $78.99. Please fix my payment method. This is very frustrating.",High,Pending Customer,Email
TCK-10307,William Verma,william.verma59@example.com,Login Problem,"Hi Support Team, My account says 'Account Temporarily Locked due to too many failed attempts'. How do I unlock it? I need access for my work urgently. Appreciate your quick assistance.",High,Pending Customer,Live Chat
TCK-10868,Daniel Tanaka,daniel.tanaka27@example.com,Technical Support,"Hello, Exported CSV files have corrupted text formatting and broken UTF-8 encoding for international non-English characters. Please help me resolve this ASAP.",Critical,Open,Mobile App
TCK-10728,Emma Johnson,emma.johnson56@example.com,Refund Request,"Hey, Refund status says 'Completed' in my portal, but my bank statement shows zero incoming transfers. Please share the ARN / bank reference number.",Medium,Pending Customer,Email
TCK-11194,Chris Garcia,chris.garcia36@example.com,Account Issue,"Hello, My student discount verification was approved by SheerID, but my subscription billing still shows standard commercial price. This is very frustrating.",Medium,In Progress,Live Chat
TCK-11488,Ananya Miller,ananya.miller29@example.com,Delivery Issue,"Dear Customer Service, The parcel was left out in heavy pouring rain on my uncovered driveway instead of under the covered front porch. Let me know how to proceed.",Low,Open,Web Portal
TCK-10829,Neha Williams,neha.williams48@example.com,Technical Support,"To whom it may concern: File upload feature fails for files larger than 15MB with 'Payload Too Large' error, despite our plan allowing up to 100MB uploads. Looking forward to your prompt response.",Low,Resolved,Mobile App
TCK-10320,Alexander Martinez,alexander.martinez83@example.com,Login Problem,"Urgent: I changed my registered email address last week, and now neither the old nor the new email is recognized by the login system. Let me know how to proceed.",High,In Progress,Live Chat
TCK-11265,David Singh,david.singh61@example.com,Product Complaint,"Hi Support Team, Fragile glass vase was shipped without adequate bubble wrap or protective padding, arriving completely shattered into pieces. Kindly advise.",Low,Pending Customer,Mobile App
TCK-11206,Rahul Davis,rahul.davis12@example.com,Product Complaint,Urgent: Missing essential accessories: the package did not include the power charging adapter and USB cable specified on the box.,High,Open,Live Chat
TCK-10210,Olivia Smith,olivia.smith24@example.com,Login Problem,"Hello, I get 'Session expired - please login again' immediately after entering my correct username and password. Infinite loop bug.",Critical,Pending Customer,Mobile App
TCK-10171,Isabella Johnson,isabella.johnson21@example.com,Payment Issue,Attempting to pay via PayPal gives error code PAY_9021. The payment processing loop just hangs without confirmation.,Medium,In Progress,Web Portal
TCK-11479,William Gupta,william.gupta90@example.com,Delivery Issue,"Hello, The delivery driver literally threw the heavy parcel over my high front fence, denting the outer shipping box.",Medium,Resolved,Email
TCK-10418,Mia Smith,mia.smith55@example.com,Order Status,Urgent: Can you send me the invoice and live GPS tracking link for order #674822 placed under my business account? Let me know how to proceed.,High,Resolved,Web Portal
TCK-11320,Isabella Singh,isabella.singh52@example.com,Product Complaint,"Good day, The size chart provided on your website is completely inaccurate. The XL shirt fits like a small medium. Requesting an exchange. Let me know how to proceed.",Medium,Resolved,Live Chat
TCK-10692,Charlotte Jones,charlotte.jones15@example.com,Refund Request,"Hi Support Team, Please cancel my annual subscription renewal and issue a full refund as per your 30-day money-back guarantee policy. Let me know how to proceed.",Low,In Progress,Live Chat
TCK-10281,Pat Miller,pat.miller74@example.com,Login Problem,Urgent: My account says 'Account Temporarily Locked due to too many failed attempts'. How do I unlock it? I need access for my work urgently. Appreciate your quick assistance.,Critical,In Progress,Email
TCK-11421,Emma Gupta,emma.gupta33@example.com,Delivery Issue,"Hi Support Team, Estimated delivery date has changed 4 times this week. First Monday, then Wednesday, now next week. Highly unreliable service. Let me know how to proceed.",Medium,Resolved,Live Chat
TCK-10025,Isabella Brown,isabella.brown26@example.com,Payment Issue,"Hello, Automatic renewal charged my expired card somehow and gave an overdue penalty of $296.75. Please fix my payment method. Please help me resolve this ASAP.",High,Resolved,Mobile App
TCK-10888,Isabella Tanaka,isabella.tanaka72@example.com,Technical Support,Help needed: The browser extension freezes Chrome tabs when scrolling through large document lists. Need an updated patch or workaround. Please help me resolve this ASAP.,High,Pending Customer,Live Chat
TCK-10701,Alexander Wang,alexander.wang85@example.com,Refund Request,"Hey, I was charged for a cancelled order #918909. Please expedite the refund process as this was an error on your store's end. Looking forward to your prompt response.",Low,Pending Customer,Email
TCK-11084,Isabella Miller,isabella.miller37@example.com,Account Issue,Unable to modify my shipping address in saved profile settings. The 'Save Address' button stays greyed out. Let me know how to proceed.,Medium,Open,Mobile App
TCK-10259,Priya Chen,priya.chen47@example.com,Login Problem,"Dear Customer Service, My team member left the company and we need to revoke their login access and transfer the admin account ownership to my email. Thanks.",Medium,Resolved,Email
TCK-10323,Morgan Kim,morgan.kim69@example.com,Login Problem,Help needed: Verification code sent to authenticator app (Google Authenticator) says 'Code expired' every time I type it in.,Low,Open,Web Portal
TCK-10047,David Kim,david.kim10@example.com,Payment Issue,"Hey, Payment verification OTP is never delivered to my registered phone number during 3D Secure authentication. Payment times out every time. Please help me resolve this ASAP.",Critical,In Progress,Live Chat
TCK-10744,Taylor Johnson,taylor.johnson55@example.com,Refund Request,"Dear Customer Service, I want to return this unopened item and get a direct refund rather than store credit vouchers. Please advise on the return label. Thank you!",Medium,Resolved,Mobile App
TCK-10094,Olivia Singh,olivia.singh62@example.com,Payment Issue,"Hello, Payment verification OTP is never delivered to my registered phone number during 3D Secure authentication. Payment times out every time. Looking forward to your prompt response.",Low,Resolved,Web Portal
TCK-10083,Taylor Miller,taylor.miller31@example.com,Payment Issue,"Help needed: Every time I try to complete payment using Google Pay, the checkout page refreshes and clears my shopping bag without placing the order. This is very frustrating.",High,In Progress,Mobile App
TCK-11484,Alex Williams,alex.williams51@example.com,Delivery Issue,"Urgent: The courier driver refused to bring the heavy 45kg parcel up to my apartment floor, leaving it on the street sidewalk. Kindly advise.",Critical,Resolved,Email
TCK-11512,James Wang,james.wang26@example.com,Delivery Issue,"Hello, The delivery driver literally threw the heavy parcel over my high front fence, denting the outer shipping box. Please help me resolve this ASAP.",Critical,In Progress,Web Portal
TCK-10065,Sam Martinez,sam.martinez87@example.com,Payment Issue,I received an unexpected transaction alert of $400.99 from your company that I did not authorize. Please investigate this billing error. Appreciate your quick assistance.,Medium,In Progress,Email
TCK-11009,William Johnson,william.johnson17@example.com,Account Issue,"Good day, I would like to permanently delete my account and erase all associated personal data in accordance with GDPR regulations. Let me know how to proceed.",Medium,In Progress,Web Portal
TCK-11035,Casey Gupta,casey.gupta62@example.com,Account Issue,"To whom it may concern: My student discount verification was approved by SheerID, but my subscription billing still shows standard commercial price. Kindly advise.",Medium,Pending Customer,Email
TCK-10288,Riley Verma,riley.verma58@example.com,Login Problem,"Hey, I changed my registered email address last week, and now neither the old nor the new email is recognized by the login system.",Medium,Resolved,Live Chat
TCK-10887,Charlotte Miller,charlotte.miller42@example.com,Technical Support,"Dear Customer Service, Our developers are unable to integrate the Webhook endpoint. Incoming POST payloads are missing the signature verification header. Thanks.",Medium,Pending Customer,Email
TCK-10603,Sam Rodriguez,sam.rodriguez91@example.com,Refund Request,"Help needed: How long does it take for a refund to show on a Visa debit card? Your support agent said 3-5 business days, but today is day 9. Looking forward to your prompt response.",Medium,In Progress,Email
TCK-10273,Neha Brown,neha.brown84@example.com,Login Problem,"Hello, Verification code sent to authenticator app (Google Authenticator) says 'Code expired' every time I type it in. Please help me resolve this ASAP.",High,Resolved,Web Portal
TCK-10099,Riley Verma,riley.verma88@example.com,Payment Issue,"Urgent: Every time I try to complete payment using Google Pay, the checkout page refreshes and clears my shopping bag without placing the order. Thanks.",Critical,Resolved,Live Chat
TCK-10562,Casey Smith,casey.smith65@example.com,Order Status,"Hi Support Team, Checking if order #913314 can still be expedited to express next-day delivery? I am willing to pay the difference. Thank you!",Low,Resolved,Live Chat
TCK-10810,Casey Patel,casey.patel19@example.com,Technical Support,"Dear Customer Service, Search functionality in the app is broken; typing any search query returns an unhandled React error in the browser console. Kindly advise.",High,Resolved,Live Chat
TCK-10812,Neha Miller,neha.miller92@example.com,Technical Support,To whom it may concern: The REST API returns 429 Too Many Requests even though our traffic is well under the 60 requests/minute tier quota limit. Appreciate your quick assistance.,Medium,Resolved,Mobile App
TCK-11034,Ananya Verma,ananya.verma76@example.com,Account Issue,"To whom it may concern: My student discount verification was approved by SheerID, but my subscription billing still shows standard commercial price. Kindly advise.",Low,Pending Customer,Web Portal
TCK-10431,Rahul Lee,rahul.lee19@example.com,Order Status,"Hi Support Team, Is there any update on the backordered item in order #555007? It has been 2 weeks since the expected restock date. Let me know how to proceed.",Medium,In Progress,Mobile App
TCK-10598,James Davis,james.davis65@example.com,Order Status,"Hi Support Team, Where is my package for order #630936? The courier tracking shows 'Manifest Created' but carrier has not picked it up. Kindly advise.",Medium,In Progress,Live Chat
TCK-10382,Chris Singh,chris.singh67@example.com,Login Problem,To whom it may concern: Biometric Face ID login failed on my iOS device and now asking for a master PIN that I never configured during initial setup. Kindly advise.,High,Open,Mobile App
TCK-10842,Michael Miller,michael.miller63@example.com,Technical Support,"Hello, Search functionality in the app is broken; typing any search query returns an unhandled React error in the browser console. Thanks.",High,In Progress,Live Chat
TCK-11149,William Johnson,william.johnson62@example.com,Account Issue,"Hi Support Team, My account profile picture and username will not update. It says 'Profile updated successfully', but old details remain. Thanks.",Medium,Open,Mobile App
TCK-11050,Neha Jones,neha.jones94@example.com,Account Issue,"Hello, I need to change my primary registered email address from old@example.com to new@example.com because I lost access to the old email provider. Kindly advise.",Low,In Progress,Email
TCK-10291,Ananya Williams,ananya.williams36@example.com,Login Problem,"Hi Support Team, Biometric Face ID login failed on my iOS device and now asking for a master PIN that I never configured during initial setup. Thank you!",High,Pending Customer,Live Chat
TCK-11531,David Singh,david.singh90@example.com,Delivery Issue,"Help needed: Courier marked my package as 'Delivered to resident', but no one was home and there is no package on the porch or with neighbors. Kindly advise.",Low,Pending Customer,Live Chat
TCK-10841,Sam Brown,sam.brown82@example.com,Technical Support,"SSL certificate on your webhook callback domain appears to have expired yesterday, causing all our automated background jobs to fail. Thank you!",Low,Open,Web Portal
TCK-11049,Ananya Sharma,ananya.sharma92@example.com,Account Issue,"Hello, I would like to permanently delete my account and erase all associated personal data in accordance with GDPR regulations. Please help me resolve this ASAP.",Critical,Resolved,Email
TCK-11361,Chris Kim,chris.kim46@example.com,Product Complaint,"To whom it may concern: Fragile glass vase was shipped without adequate bubble wrap or protective padding, arriving completely shattered into pieces.",Low,Pending Customer,Web Portal
TCK-10808,Pat Gupta,pat.gupta11@example.com,Technical Support,"Good day, The browser extension freezes Chrome tabs when scrolling through large document lists. Need an updated patch or workaround. Kindly advise.",Low,Pending Customer,Web Portal
TCK-10452,Michael Patel,michael.patel47@example.com,Order Status,"Good day, The tracking link provided in your email opens a blank page with error 'Tracking number not recognized by carrier'. Order #543875. Let me know how to proceed.",Low,Pending Customer,Web Portal
TCK-11460,Taylor Kim,taylor.kim63@example.com,Delivery Issue,"Signature was required for this high-value laptop delivery, yet the carrier signed on my behalf with fake initials and dumped it. Let me know how to proceed.",Medium,In Progress,Web Portal
TCK-10762,Aarav Martinez,aarav.martinez23@example.com,Refund Request,"Hey, I want my money back for the defective item I returned last week. Please process the credit immediately.",High,Resolved,Live Chat
TCK-10277,David Lee,david.lee81@example.com,Login Problem,"Dear Customer Service, The mobile app keeps logging me out every 2 minutes. When I attempt to re-login, the login button spins continuously without responding. Kindly advise.",Low,Open,Live Chat
TCK-11294,Jordan Lee,jordan.lee19@example.com,Product Complaint,"Hey, The material of this winter coat is extremely cheap and thin, completely different from what was advertised in your product photos. Appreciate your quick assistance.",Low,Resolved,Mobile App
TCK-10247,Taylor Davis,taylor.davis19@example.com,Login Problem,"Hey, I clicked 'Forgot Password' multiple times, but the password reset link email never arrives in my inbox or spam folder. Kindly advise.",Low,In Progress,Mobile App
TCK-11200,Pat Lee,pat.lee40@example.com,Account Issue,Unable to modify my shipping address in saved profile settings. The 'Save Address' button stays greyed out. Looking forward to your prompt response.,Medium,Pending Customer,Mobile App
TCK-11597,James Smith,james.smith47@example.com,Delivery Issue,"Delivery address was updated to my new apartment, but the package was dispatched to my old address in another city. Kindly advise.",Low,Pending Customer,Mobile App
TCK-10741,Priya Patel,priya.patel12@example.com,Refund Request,"Hey, How long does it take for a refund to show on a Visa debit card? Your support agent said 3-5 business days, but today is day 9.",Low,In Progress,Mobile App
TCK-11273,Morgan Chen,morgan.chen84@example.com,Product Complaint,The size chart provided on your website is completely inaccurate. The XL shirt fits like a small medium. Requesting an exchange. Kindly advise.,Low,Open,Email
TCK-11137,Ethan Singh,ethan.singh53@example.com,Account Issue,"Hey, I upgraded my plan from Basic to Pro, but my account dashboard is still displaying Basic tier limits and restrictions.",Medium,Open,Live Chat
TCK-10553,Rahul Patel,rahul.patel62@example.com,Order Status,To whom it may concern: Can you send me the invoice and live GPS tracking link for order #191728 placed under my business account? Thank you!,Medium,Pending Customer,Web Portal
TCK-10254,Casey Sharma,casey.sharma21@example.com,Login Problem,"Good day, Verification code sent to authenticator app (Google Authenticator) says 'Code expired' every time I type it in.",Medium,Resolved,Email
TCK-11240,Avery Miller,avery.miller42@example.com,Product Complaint,"Hey, The camera lens has internal dust particles sealed beneath the glass element which blurs every photo taken. Appreciate your quick assistance.",Low,Open,Mobile App
TCK-11382,Aarav Garcia,aarav.garcia95@example.com,Product Complaint,"Hi Support Team, The smartphone display screen arrived with multiple visible scratches and a dead pixel in the center. Very poor quality control.",Low,Resolved,Web Portal
TCK-10815,Neha Sharma,neha.sharma52@example.com,Technical Support,"Hi Support Team, Audio output does not work during video conferences on the web app. Microphone input is detected, but remote audio is silent. This is very frustrating.",Medium,In Progress,Email
TCK-10835,Morgan Brown,morgan.brown52@example.com,Technical Support,"Good day, The printer driver integration fails to render barcodes correctly, printing fuzzy unreadable lines instead of 2D data matrix. Thanks.",Low,Resolved,Live Chat
TCK-10673,Michael Gupta,michael.gupta10@example.com,Refund Request,"To whom it may concern: I was promised a full refund of $469.75 due to defective parts, but you only credited a partial amount of $25. Please refund the remainder. This is very frustrating.",High,Pending Customer,Live Chat
TCK-10894,David Gupta,david.gupta13@example.com,Technical Support,"Hello, Getting HTTP 500 Internal Server Error whenever I click on the 'Export PDF Report' button in the dashboard analytics module.",Low,In Progress,Web Portal
TCK-10489,Ananya Jones,ananya.jones11@example.com,Order Status,"Hey, I ordered three items under order #186705, but received only one small parcel today. Are the remaining two items shipping separately? Please help me resolve this ASAP.",Critical,In Progress,Email
TCK-10838,Neha Brown,neha.brown23@example.com,Technical Support,"To whom it may concern: File upload feature fails for files larger than 15MB with 'Payload Too Large' error, despite our plan allowing up to 100MB uploads. Thank you!",Low,Open,Live Chat
TCK-10700,Taylor Singh,taylor.singh38@example.com,Refund Request,"Hi Support Team, The return courier picked up the parcel from my doorstep on Monday. Kindly initiate the refund to my original payment source. This is very frustrating.",High,Pending Customer,Mobile App
TCK-10834,Ethan Wang,ethan.wang11@example.com,Technical Support,"Good day, SSL certificate on your webhook callback domain appears to have expired yesterday, causing all our automated background jobs to fail. Looking forward to your prompt response.",Medium,Open,Email
TCK-10223,Daniel Johnson,daniel.johnson38@example.com,Login Problem,"Dear Customer Service, Biometric Face ID login failed on my iOS device and now asking for a master PIN that I never configured during initial setup. Let me know how to proceed.",Medium,In Progress,Email
TCK-11534,Olivia Patel,olivia.patel36@example.com,Delivery Issue,Urgent: My parcel was sent to the wrong delivery hub across the country due to a barcode sorting misroute. Need urgent reroute. Looking forward to your prompt response.,High,In Progress,Mobile App
TCK-10769,Ethan Johnson,ethan.johnson22@example.com,Refund Request,"To whom it may concern: Requested a refund 2 weeks ago for order #845634. Still waiting. If not processed today, I will have to file a credit card chargeback. Let me know how to proceed.",High,Pending Customer,Web Portal
TCK-11332,James Williams,james.williams83@example.com,Product Complaint,"Urgent: The material of this winter coat is extremely cheap and thin, completely different from what was advertised in your product photos. Please help me resolve this ASAP.",Critical,Pending Customer,Web Portal
TCK-10110,Alex Brown,alex.brown88@example.com,Payment Issue,"Dear Customer Service, I was charged twice on my credit card for order #594686. Please check your billing system and reverse the duplicate $562.50 charge immediately.",High,Pending Customer,Live Chat
TCK-10196,Nikhil Brown,nikhil.brown52@example.com,Payment Issue,To whom it may concern: Attempting to pay via PayPal gives error code PAY_9021. The payment processing loop just hangs without confirmation. Thanks.,Low,In Progress,Live Chat
TCK-10628,Riley Gupta,riley.gupta89@example.com,Refund Request,"Hi Support Team, I was promised a full refund of $302.99 due to defective parts, but you only credited a partial amount of $25. Please refund the remainder.",Low,Resolved,Live Chat
TCK-10922,Nikhil Singh,nikhil.singh72@example.com,Technical Support,Mobile app push notifications are completely failing on Android 14 devices. Permissions are enabled in system settings. Kindly advise.,Medium,Open,Email
TCK-11061,Sophia Miller,sophia.miller52@example.com,Account Issue,"Hello, How can I merge two accounts created under different email addresses so all my purchased licenses are under one master profile? Thank you!",Low,In Progress,Mobile App
TCK-10758,Isabella Rodriguez,isabella.rodriguez39@example.com,Refund Request,"Dear Customer Service, The return courier picked up the parcel from my doorstep on Monday. Kindly initiate the refund to my original payment source. Thanks.",Medium,Open,Email
TCK-10685,Riley Lee,riley.lee85@example.com,Refund Request,"Urgent: Received defective electronic headphones. I don't want a replacement, I strictly request a full refund to my original card. Thank you!",Critical,Resolved,Email
TCK-10195,Amelia Martinez,amelia.martinez59@example.com,Payment Issue,Urgent: Payment verification OTP is never delivered to my registered phone number during 3D Secure authentication. Payment times out every time. Thank you!,Critical,Resolved,Mobile App
TCK-10626,Amelia Wang,amelia.wang35@example.com,Refund Request,To whom it may concern: I cancelled order #882092 within 30 minutes of placing it. Please confirm when the refund will reflect in my bank account. Thanks.,Low,In Progress,Web Portal
TCK-10174,Emma Kim,emma.kim57@example.com,Payment Issue,I was charged twice on my credit card for order #743032. Please check your billing system and reverse the duplicate $521.25 charge immediately.,High,Resolved,Live Chat
TCK-11306,Riley Williams,riley.williams90@example.com,Product Complaint,"Good day, The wireless earbuds have terrible battery life, dying in less than 45 minutes instead of the advertised 8 hours of playback. Kindly advise.",Low,Open,Web Portal
TCK-11246,Ananya Kim,ananya.kim37@example.com,Product Complaint,Urgent: Missing essential accessories: the package did not include the power charging adapter and USB cable specified on the box.,High,Open,Email
TCK-11298,David Brown,david.brown20@example.com,Product Complaint,"Hello, The wireless earbuds have terrible battery life, dying in less than 45 minutes instead of the advertised 8 hours of playback. Looking forward to your prompt response.",Medium,Pending Customer,Email
TCK-11024,Avery Martinez,avery.martinez66@example.com,Account Issue,"Good day, Please help me update the legal company name and tax ID (VAT number) on our corporate subscription account. Thank you!",Medium,In Progress,Live Chat
TCK-11403,Morgan Garcia,morgan.garcia51@example.com,Delivery Issue,To whom it may concern: The courier tracking shows 'Returned to Sender - Recipient Not Found' without making any delivery attempt or phone call. This is very frustrating.,Medium,In Progress,Email
TCK-10580,Avery Johnson,avery.johnson70@example.com,Order Status,"Dear Customer Service, Is there any update on the backordered item in order #584542? It has been 2 weeks since the expected restock date.",Low,In Progress,Web Portal
TCK-10168,Charlotte Lee,charlotte.lee66@example.com,Payment Issue,"Hey, Bank statement shows two identical deductions of $127.25 dated yesterday for the same order #757614. Kindly refund the extra deduction. Let me know how to proceed.",Medium,Pending Customer,Email
TCK-10777,Michael Martinez,michael.martinez48@example.com,Refund Request,Help needed: Please cancel my annual subscription renewal and issue a full refund as per your 30-day money-back guarantee policy. Thanks.,Low,In Progress,Web Portal
TCK-10616,Olivia Garcia,olivia.garcia46@example.com,Refund Request,"Hey, Please cancel my annual subscription renewal and issue a full refund as per your 30-day money-back guarantee policy. Let me know how to proceed.",Low,Pending Customer,Live Chat
TCK-10706,Daniel Davis,daniel.davis34@example.com,Refund Request,Urgent: Sent the package back via postal return. Where is my refund? It has been over two weeks. Appreciate your quick assistance.,Critical,Open,Web Portal
TCK-10636,Riley Verma,riley.verma44@example.com,Refund Request,"Urgent: How long does it take for a refund to show on a Visa debit card? Your support agent said 3-5 business days, but today is day 9. Kindly advise.",Critical,Resolved,Web Portal
TCK-10132,Daniel Chen,daniel.chen38@example.com,Payment Issue,"Hey, You charged me an extra $668.25 processing fee which was not shown on the checkout summary page. I need this rectified. Kindly advise.",Low,In Progress,Mobile App
TCK-10902,Ananya Kim,ananya.kim59@example.com,Technical Support,"To whom it may concern: The printer driver integration fails to render barcodes correctly, printing fuzzy unreadable lines instead of 2D data matrix. This is very frustrating.",Medium,Resolved,Mobile App
TCK-10696,Pat Brown,pat.brown64@example.com,Refund Request,"Hi Support Team, Requested a refund 2 weeks ago for order #532465. Still waiting. If not processed today, I will have to file a credit card chargeback. Appreciate your quick assistance.",Critical,Pending Customer,Mobile App
TCK-10233,Olivia Williams,olivia.williams82@example.com,Login Problem,"Urgent: Unable to sign in on Chrome desktop browser. Clearing cookies and cache did not help, getting 'Error 401 Unauthorized'. Appreciate your quick assistance.",Critical,Open,Web Portal
TCK-10337,James Garcia,james.garcia63@example.com,Login Problem,"Good day, My team member left the company and we need to revoke their login access and transfer the admin account ownership to my email. This is very frustrating.",High,Resolved,Web Portal
TCK-10876,Taylor Lee,taylor.lee46@example.com,Technical Support,Urgent: Database sync is failing between the mobile client and the cloud server. Offline edits are completely lost upon reconnecting. Appreciate your quick assistance.,High,Resolved,Web Portal
TCK-10605,Taylor Patel,taylor.patel82@example.com,Refund Request,"How long does it take for a refund to show on a Visa debit card? Your support agent said 3-5 business days, but today is day 9.",Low,Open,Live Chat
TCK-11413,Chris Johnson,chris.johnson95@example.com,Delivery Issue,"Help needed: Estimated delivery date has changed 4 times this week. First Monday, then Wednesday, now next week. Highly unreliable service.",Low,Pending Customer,Live Chat
TCK-11337,Morgan Gupta,morgan.gupta82@example.com,Product Complaint,To whom it may concern: Shoes look like they were previously worn; the soles are scuffed and dirty right out of the sealed shipping box. Kindly advise.,Medium,In Progress,Mobile App
TCK-10103,Neha Lee,neha.lee23@example.com,Payment Issue,"Hey, I cannot add my new credit card in the billing settings. It shows 'Tokenization Failed - invalid CVV' even though CVV is completely correct.",High,Open,Email
TCK-11175,Ethan Johnson,ethan.johnson92@example.com,Account Issue,"Dear Customer Service, I upgraded my plan from Basic to Pro, but my account dashboard is still displaying Basic tier limits and restrictions. Looking forward to your prompt response.",Low,Resolved,Web Portal
TCK-10919,Amelia Williams,amelia.williams24@example.com,Technical Support,"Hello, Mobile app push notifications are completely failing on Android 14 devices. Permissions are enabled in system settings. Please help me resolve this ASAP.",Critical,Pending Customer,Mobile App
TCK-10608,Priya Davis,priya.davis93@example.com,Refund Request,Help needed: The flight ticket was cancelled due to schedule changes by your airline partner. I demand a prompt 100% cash refund.,Low,Resolved,Live Chat
TCK-10665,Avery Chen,avery.chen60@example.com,Refund Request,"Hi Support Team, Please cancel my annual subscription renewal and issue a full refund as per your 30-day money-back guarantee policy. Please help me resolve this ASAP.",High,Pending Customer,Mobile App
TCK-11088,Avery Chen,avery.chen19@example.com,Account Issue,"My account profile picture and username will not update. It says 'Profile updated successfully', but old details remain. Thank you!",Medium,Resolved,Live Chat
TCK-11113,Emma Verma,emma.verma73@example.com,Account Issue,"Hi Support Team, I accidentally created two duplicate profiles for the same customer. Can your support team merge their loyalty points? Thank you!",Low,In Progress,Mobile App
TCK-10091,Olivia Johnson,olivia.johnson12@example.com,Payment Issue,"Good day, Automatic renewal charged my expired card somehow and gave an overdue penalty of $446.99. Please fix my payment method. This is very frustrating.",High,Open,Email
TCK-11568,Aarav Brown,aarav.brown13@example.com,Delivery Issue,"Hi Support Team, Signature was required for this high-value laptop delivery, yet the carrier signed on my behalf with fake initials and dumped it. Let me know how to proceed.",Low,Resolved,Web Portal
TCK-10689,Avery Patel,avery.patel38@example.com,Refund Request,"Dear Customer Service, You approved my return request last Tuesday, but I have not received the credit note or refund payment confirmation yet. Appreciate your quick assistance.",Medium,Resolved,Mobile App
TCK-10621,Isabella Smith,isabella.smith33@example.com,Refund Request,Urgent: I want to return this unopened item and get a direct refund rather than store credit vouchers. Please advise on the return label.,High,Resolved,Email
TCK-10905,Sophia Lee,sophia.lee23@example.com,Technical Support,"Hello, File upload feature fails for files larger than 15MB with 'Payload Too Large' error, despite our plan allowing up to 100MB uploads. Let me know how to proceed.",Medium,In Progress,Email
TCK-11314,Emma Sharma,emma.sharma67@example.com,Product Complaint,"Urgent: You sent me the wrong color! I ordered Midnight Blue, but you shipped bright yellow. I need the correct item sent ASAP.",Critical,In Progress,Email
TCK-10416,Sam Williams,sam.williams77@example.com,Order Status,To whom it may concern: Order #856375 is shown as 'Preparing for dispatch' since Monday. Customer care bot is not providing meaningful updates. Thanks.,Medium,Pending Customer,Live Chat
TCK-11447,Isabella Singh,isabella.singh48@example.com,Delivery Issue,"Urgent: Requested weekend delivery when placing order #458942, but carrier attempted delivery on Wednesday during work hours. Appreciate your quick assistance.",Critical,Open,Live Chat
TCK-10600,David Gupta,david.gupta11@example.com,Order Status,Help needed: I need to check the delivery timeline for purchase #722275. Will it reach before Friday as I am traveling out of state? Appreciate your quick assistance.,Medium,Open,Web Portal
TCK-11168,Amelia Martinez,amelia.martinez71@example.com,Account Issue,"My account profile picture and username will not update. It says 'Profile updated successfully', but old details remain. Please help me resolve this ASAP.",Critical,Resolved,Web Portal
TCK-11123,Daniel Kim,daniel.kim87@example.com,Account Issue,"Hello, How can I merge two accounts created under different email addresses so all my purchased licenses are under one master profile? This is very frustrating.",Medium,Pending Customer,Mobile App
TCK-11577,Daniel Chen,daniel.chen35@example.com,Delivery Issue,Urgent: Courier says delivery address is 'Incomplete / Missing Apt Number' even though my order confirmation shows complete details. Appreciate your quick assistance.,Critical,Pending Customer,Web Portal
TCK-10436,James Miller,james.miller29@example.com,Order Status,Urgent: Can you please provide the latest tracking status for my order #963174? Placed it 6 days ago and haven't received any dispatch email.,High,Resolved,Email
TCK-10339,Riley Brown,riley.brown19@example.com,Login Problem,"Hey, My team member left the company and we need to revoke their login access and transfer the admin account ownership to my email. Please help me resolve this ASAP.",Critical,Resolved,Email
TCK-10226,David Gupta,david.gupta99@example.com,Login Problem,"Hello, The mobile app keeps logging me out every 2 minutes. When I attempt to re-login, the login button spins continuously without responding. Let me know how to proceed.",Low,In Progress,Live Chat
TCK-10915,Casey Davis,casey.davis93@example.com,Technical Support,To whom it may concern: The browser extension freezes Chrome tabs when scrolling through large document lists. Need an updated patch or workaround. Thank you!,Medium,Resolved,Live Chat
TCK-11357,Priya Chen,priya.chen98@example.com,Product Complaint,"Help needed: Fragile glass vase was shipped without adequate bubble wrap or protective padding, arriving completely shattered into pieces. Let me know how to proceed.",Low,Pending Customer,Web Portal
TCK-11017,Casey Garcia,casey.garcia68@example.com,Account Issue,We are receiving marketing emails and promotional newsletters even though all communication preferences are disabled in my profile. Kindly advise.,Medium,In Progress,Live Chat
TCK-10939,Charlotte Jones,charlotte.jones12@example.com,Technical Support,Database sync is failing between the mobile client and the cloud server. Offline edits are completely lost upon reconnecting. Kindly advise.,Medium,In Progress,Mobile App
TCK-10181,Alex Patel,alex.patel27@example.com,Payment Issue,Help needed: Automatic renewal charged my expired card somehow and gave an overdue penalty of $376.00. Please fix my payment method. Looking forward to your prompt response.,Low,In Progress,Email
TCK-11251,Pat Verma,pat.verma39@example.com,Product Complaint,"Hey, The blender motor started smoking and smelled like burning plastic on its very first usage at normal speed setting. Dangerous hazard. Thank you!",High,Resolved,Mobile App
TCK-10010,Neha Smith,neha.smith97@example.com,Payment Issue,"To whom it may concern: Every time I try to complete payment using Google Pay, the checkout page refreshes and clears my shopping bag without placing the order. Let me know how to proceed.",Medium,Pending Customer,Mobile App
TCK-10729,Daniel Singh,daniel.singh96@example.com,Refund Request,Help needed: I cancelled order #312987 within 30 minutes of placing it. Please confirm when the refund will reflect in my bank account. Looking forward to your prompt response.,Low,Pending Customer,Email
TCK-10160,Priya Patel,priya.patel46@example.com,Payment Issue,"Dear Customer Service, Bank statement shows two identical deductions of $217.00 dated yesterday for the same order #563293. Kindly refund the extra deduction. Let me know how to proceed.",Low,Open,Mobile App
TCK-10721,David Williams,david.williams43@example.com,Refund Request,"Dear Customer Service, Returned package was delivered to your warehouse according to FedEx tracking #REF-42741. When will inspection complete and refund issue? Please help me resolve this ASAP.",High,Resolved,Live Chat
TCK-10479,Alex Lee,alex.lee38@example.com,Order Status,Urgent: The tracking dashboard says 'Exception: Delay due to weather conditions'. How many days of delay should I anticipate? Looking forward to your prompt response.,High,Resolved,Email
TCK-10306,Emma Rodriguez,emma.rodriguez29@example.com,Login Problem,"Dear Customer Service, I clicked 'Forgot Password' multiple times, but the password reset link email never arrives in my inbox or spam folder. Thank you!",Medium,Open,Email
TCK-10951,Nikhil Davis,nikhil.davis71@example.com,Technical Support,"Good day, Getting HTTP 500 Internal Server Error whenever I click on the 'Export PDF Report' button in the dashboard analytics module.",Medium,In Progress,Live Chat
TCK-10367,Riley Chen,riley.chen81@example.com,Login Problem,Urgent: Verification code sent to authenticator app (Google Authenticator) says 'Code expired' every time I type it in. Thanks.,High,Resolved,Web Portal
TCK-10642,Amelia Martinez,amelia.martinez46@example.com,Refund Request,"How long does it take for a refund to show on a Visa debit card? Your support agent said 3-5 business days, but today is day 9. Thank you!",Low,Resolved,Live Chat
TCK-11387,Alex Davis,alex.davis22@example.com,Product Complaint,Help needed: Missing essential accessories: the package did not include the power charging adapter and USB cable specified on the box. Let me know how to proceed.,Medium,Pending Customer,Mobile App
TCK-10327,Sam Johnson,sam.johnson17@example.com,Login Problem,"Hello, I changed my registered email address last week, and now neither the old nor the new email is recognized by the login system. Kindly advise.",Low,In Progress,Mobile App
TCK-10366,Rahul Lee,rahul.lee47@example.com,Login Problem,"Hi Support Team, I changed my registered email address last week, and now neither the old nor the new email is recognized by the login system. Let me know how to proceed.",Low,Open,Email
TCK-10389,Alex Wang,alex.wang84@example.com,Login Problem,"Hello, I changed my registered email address last week, and now neither the old nor the new email is recognized by the login system. Let me know how to proceed.",Low,In Progress,Mobile App
TCK-11360,Neha Sharma,neha.sharma18@example.com,Product Complaint,"Hello, The software license key printed on the inside card says 'Already Redeemed by another user'. I bought this brand new sealed. Please help me resolve this ASAP.",Critical,In Progress,Mobile App
TCK-10200,William Miller,william.miller82@example.com,Payment Issue,"Dear Customer Service, Bank statement shows two identical deductions of $253.25 dated yesterday for the same order #759470. Kindly refund the extra deduction. Let me know how to proceed.",Low,Open,Mobile App
TCK-10499,James Lee,james.lee44@example.com,Order Status,Urgent: Can you send me the invoice and live GPS tracking link for order #331571 placed under my business account? Let me know how to proceed.,Critical,Pending Customer,Web Portal
TCK-11239,Sam Kim,sam.kim28@example.com,Product Complaint,"Hello, The zipper on this leather backpack broke off on day two of use. This is unacceptable for a luxury price product. This is very frustrating.",Medium,Open,Mobile App
TCK-11178,Morgan Martinez,morgan.martinez40@example.com,Account Issue,Urgent: I accidentally created two duplicate profiles for the same customer. Can your support team merge their loyalty points? Please help me resolve this ASAP.,High,Open,Web Portal
TCK-10085,Alex Brown,alex.brown65@example.com,Payment Issue,Urgent: Payment verification OTP is never delivered to my registered phone number during 3D Secure authentication. Payment times out every time. Kindly advise.,High,In Progress,Live Chat
TCK-11266,Emma Sharma,emma.sharma37@example.com,Product Complaint,"Urgent: Product description claimed this monitor has built-in speakers and HDR support, but the unit received lacks both features entirely. Kindly advise.",High,Pending Customer,Web Portal
TCK-10503,Ethan Davis,ethan.davis74@example.com,Order Status,Urgent: Where is my package for order #367762? The courier tracking shows 'Manifest Created' but carrier has not picked it up. Appreciate your quick assistance.,Critical,Open,Email
TCK-10486,Aarav Sharma,aarav.sharma13@example.com,Order Status,Order status shows 'In Transit' for the last 10 days with no location scans since leaving the regional sorting hub. Thank you!,Low,In Progress,Web Portal
TCK-11444,Charlotte Lee,charlotte.lee58@example.com,Delivery Issue,"Help needed: Signature was required for this high-value laptop delivery, yet the carrier signed on my behalf with fake initials and dumped it. Thank you!",Low,Pending Customer,Web Portal
TCK-10945,William Garcia,william.garcia95@example.com,Technical Support,"Dear Customer Service, Our developers are unable to integrate the Webhook endpoint. Incoming POST payloads are missing the signature verification header. Please help me resolve this ASAP.",Critical,Open,Email
TCK-11304,Sophia Gupta,sophia.gupta67@example.com,Product Complaint,The size chart provided on your website is completely inaccurate. The XL shirt fits like a small medium. Requesting an exchange. Looking forward to your prompt response.,Medium,Resolved,Mobile App
TCK-11021,Riley Chen,riley.chen10@example.com,Account Issue,"Dear Customer Service, My account profile picture and username will not update. It says 'Profile updated successfully', but old details remain. Looking forward to your prompt response.",Low,Open,Web Portal
TCK-10228,Daniel Brown,daniel.brown96@example.com,Login Problem,"Hello, My account says 'Account Temporarily Locked due to too many failed attempts'. How do I unlock it? I need access for my work urgently.",Critical,In Progress,Web Portal
TCK-11303,Taylor Patel,taylor.patel14@example.com,Product Complaint,To whom it may concern: Missing essential accessories: the package did not include the power charging adapter and USB cable specified on the box. Thank you!,Low,Open,Mobile App
TCK-10705,Emma Miller,emma.miller25@example.com,Refund Request,"Dear Customer Service, I was charged for a cancelled order #344063. Please expedite the refund process as this was an error on your store's end. Appreciate your quick assistance.",Medium,Resolved,Email
TCK-11528,Chris Martinez,chris.martinez99@example.com,Delivery Issue,"Good day, Package is held at customs clearance depot for 8 days because the shipping invoice documentation was missing from the parcel. Please help me resolve this ASAP.",Critical,Open,Web Portal
TCK-10502,Riley Jones,riley.jones88@example.com,Order Status,"Help needed: I ordered three items under order #753073, but received only one small parcel today. Are the remaining two items shipping separately? Let me know how to proceed.",Low,Pending Customer,Live Chat
TCK-10920,Taylor Johnson,taylor.johnson94@example.com,Technical Support,"Urgent: SSL certificate on your webhook callback domain appears to have expired yesterday, causing all our automated background jobs to fail. Let me know how to proceed.",High,Open,Email
TCK-11536,Pat Brown,pat.brown69@example.com,Delivery Issue,"Dear Customer Service, The parcel was left out in heavy pouring rain on my uncovered driveway instead of under the covered front porch. Let me know how to proceed.",Low,In Progress,Web Portal
TCK-10861,Casey Wang,casey.wang15@example.com,Technical Support,To whom it may concern: Mobile app push notifications are completely failing on Android 14 devices. Permissions are enabled in system settings. Let me know how to proceed.,Low,Pending Customer,Email
TCK-10385,Alex Chen,alex.chen37@example.com,Login Problem,"Hello, Biometric Face ID login failed on my iOS device and now asking for a master PIN that I never configured during initial setup. Kindly advise.",Medium,Open,Mobile App
TCK-11589,Charlotte Williams,charlotte.williams36@example.com,Delivery Issue,"The courier driver refused to bring the heavy 45kg parcel up to my apartment floor, leaving it on the street sidewalk. Thank you!",Low,Pending Customer,Live Chat
TCK-10979,Nikhil Tanaka,nikhil.tanaka16@example.com,Technical Support,"Hi Support Team, Mobile app push notifications are completely failing on Android 14 devices. Permissions are enabled in system settings. This is very frustrating.",Medium,Resolved,Live Chat
TCK-10386,Ethan Kim,ethan.kim93@example.com,Login Problem,"Hi Support Team, Biometric Face ID login failed on my iOS device and now asking for a master PIN that I never configured during initial setup. This is very frustrating.",Medium,Resolved,Live Chat
TCK-10597,Morgan Martinez,morgan.martinez76@example.com,Order Status,Can you please provide the latest tracking status for my order #519779? Placed it 6 days ago and haven't received any dispatch email. Let me know how to proceed.,Medium,In Progress,Email
TCK-10875,Emma Martinez,emma.martinez75@example.com,Technical Support,"Dear Customer Service, The desktop application crashes immediately upon opening on macOS Sonoma. Error log mentions 'Segmentation fault at 0x000003'. Let me know how to proceed.",Critical,Pending Customer,Email
TCK-11452,Nikhil Davis,nikhil.davis12@example.com,Delivery Issue,"Good day, The delivery driver literally threw the heavy parcel over my high front fence, denting the outer shipping box. Looking forward to your prompt response.",Medium,In Progress,Email
TCK-10298,Michael Martinez,michael.martinez69@example.com,Login Problem,"Help needed: I clicked 'Forgot Password' multiple times, but the password reset link email never arrives in my inbox or spam folder. Looking forward to your prompt response.",Low,Resolved,Email
TCK-11231,Priya Patel,priya.patel75@example.com,Product Complaint,"Dear Customer Service, You sent me the wrong color! I ordered Midnight Blue, but you shipped bright yellow. I need the correct item sent ASAP.",Critical,Resolved,Live Chat
TCK-10430,William Martinez,william.martinez36@example.com,Order Status,"Dear Customer Service, Where is my package for order #135887? The courier tracking shows 'Manifest Created' but carrier has not picked it up. Kindly advise.",Low,In Progress,Live Chat
TCK-11445,Pat Chen,pat.chen76@example.com,Delivery Issue,"To whom it may concern: Signature was required for this high-value laptop delivery, yet the carrier signed on my behalf with fake initials and dumped it. This is very frustrating.",Medium,Open,Email
TCK-10759,Riley Brown,riley.brown26@example.com,Refund Request,"Hi Support Team, How long does it take for a refund to show on a Visa debit card? Your support agent said 3-5 business days, but today is day 9. This is very frustrating.",Medium,In Progress,Live Chat
TCK-10456,Amelia Williams,amelia.williams21@example.com,Order Status,To whom it may concern: I need to check the delivery timeline for purchase #270355. Will it reach before Friday as I am traveling out of state? This is very frustrating.,Medium,In Progress,Live Chat
TCK-10509,Sophia Chen,sophia.chen43@example.com,Order Status,To whom it may concern: Order status shows 'In Transit' for the last 10 days with no location scans since leaving the regional sorting hub. Looking forward to your prompt response.,Medium,In Progress,Live Chat
TCK-11351,Charlotte Gupta,charlotte.gupta13@example.com,Product Complaint,"Hi Support Team, Product description claimed this monitor has built-in speakers and HDR support, but the unit received lacks both features entirely. Thank you!",Low,Resolved,Email
TCK-11596,Nikhil Gupta,nikhil.gupta29@example.com,Delivery Issue,To whom it may concern: My parcel was sent to the wrong delivery hub across the country due to a barcode sorting misroute. Need urgent reroute. Looking forward to your prompt response.,High,Pending Customer,Live Chat
TCK-10552,Mia Johnson,mia.johnson90@example.com,Order Status,To whom it may concern: Order #959553 is shown as 'Preparing for dispatch' since Monday. Customer care bot is not providing meaningful updates. Appreciate your quick assistance.,Low,Resolved,Mobile App
TCK-10513,William Verma,william.verma96@example.com,Order Status,"Good day, My order status abruptly changed from 'Shipped' back to 'On Hold'. What is the reason for this hold? Appreciate your quick assistance.",Medium,Pending Customer,Live Chat
TCK-10601,Avery Williams,avery.williams32@example.com,Refund Request,"Hey, Requested a refund 2 weeks ago for order #609668. Still waiting. If not processed today, I will have to file a credit card chargeback. Appreciate your quick assistance.",High,Resolved,Mobile App
TCK-11031,Sam Davis,sam.davis52@example.com,Account Issue,Help needed: Need to remove a former administrator from our organization workspace and reassign all project ownership to my user ID. Thank you!,Medium,Resolved,Web Portal
TCK-11136,Rahul Wang,rahul.wang25@example.com,Account Issue,"Hey, My student discount verification was approved by SheerID, but my subscription billing still shows standard commercial price. Kindly advise.",Medium,Pending Customer,Mobile App
TCK-10221,Mia Patel,mia.patel54@example.com,Login Problem,"Hi Support Team, My team member left the company and we need to revoke their login access and transfer the admin account ownership to my email. Kindly advise.",Medium,In Progress,Email
TCK-11256,Rahul Miller,rahul.miller23@example.com,Product Complaint,"Good day, The blender motor started smoking and smelled like burning plastic on its very first usage at normal speed setting. Dangerous hazard. Looking forward to your prompt response.",Critical,Open,Live Chat
TCK-10346,Charlotte Davis,charlotte.davis44@example.com,Login Problem,"Help needed: I clicked 'Forgot Password' multiple times, but the password reset link email never arrives in my inbox or spam folder. Looking forward to your prompt response.",Low,Resolved,Email
TCK-10329,Avery Miller,avery.miller52@example.com,Login Problem,Urgent: My account says 'Account Temporarily Locked due to too many failed attempts'. How do I unlock it? I need access for my work urgently. Looking forward to your prompt response.,Critical,Open,Web Portal
TCK-10816,Chris Garcia,chris.garcia95@example.com,Technical Support,Help needed: Search functionality in the app is broken; typing any search query returns an unhandled React error in the browser console. Please help me resolve this ASAP.,Critical,Resolved,Web Portal
TCK-10443,Sam Tanaka,sam.tanaka40@example.com,Order Status,"Dear Customer Service, Order #988707 is shown as 'Preparing for dispatch' since Monday. Customer care bot is not providing meaningful updates. Appreciate your quick assistance.",Medium,Open,Web Portal
TCK-11057,Ethan Miller,ethan.miller54@example.com,Account Issue,"Good day, Our team seat count is capped at 5, but our invoice shows 10 active licenses. Please audit our user seats and adjust the billing tier. Thank you!",Low,Pending Customer,Live Chat
TCK-10953,Nikhil Garcia,nikhil.garcia16@example.com,Technical Support,The browser extension freezes Chrome tabs when scrolling through large document lists. Need an updated patch or workaround. Please help me resolve this ASAP.,Critical,Pending Customer,Live Chat
TCK-11299,Neha Williams,neha.williams22@example.com,Product Complaint,Missing essential accessories: the package did not include the power charging adapter and USB cable specified on the box. Thank you!,Medium,Resolved,Live Chat
TCK-11593,Avery Miller,avery.miller92@example.com,Delivery Issue,"To whom it may concern: Courier marked my package as 'Delivered to resident', but no one was home and there is no package on the porch or with neighbors. Kindly advise.",Medium,In Progress,Web Portal
TCK-11430,Emma Miller,emma.miller47@example.com,Delivery Issue,"Dear Customer Service, Requested weekend delivery when placing order #941937, but carrier attempted delivery on Wednesday during work hours.",Low,In Progress,Mobile App
TCK-10641,Priya Davis,priya.davis40@example.com,Refund Request,"Help needed: You approved my return request last Tuesday, but I have not received the credit note or refund payment confirmation yet. Please help me resolve this ASAP.",Critical,Pending Customer,Email
TCK-10893,Neha Garcia,neha.garcia19@example.com,Technical Support,Urgent: Our developers are unable to integrate the Webhook endpoint. Incoming POST payloads are missing the signature verification header. Thanks.,High,Open,Live Chat
TCK-11519,Ethan Martinez,ethan.martinez61@example.com,Delivery Issue,"To whom it may concern: Courier marked my package as 'Delivered to resident', but no one was home and there is no package on the porch or with neighbors. Thanks.",Medium,In Progress,Live Chat
TCK-10724,Avery Chen,avery.chen55@example.com,Refund Request,"Dear Customer Service, I was charged for a cancelled order #675790. Please expedite the refund process as this was an error on your store's end. Thank you!",Medium,In Progress,Mobile App
TCK-10492,Alex Kim,alex.kim47@example.com,Order Status,"Hello, I need to check the delivery timeline for purchase #212638. Will it reach before Friday as I am traveling out of state? Thanks.",Medium,Pending Customer,Mobile App
TCK-11217,Priya Williams,priya.williams27@example.com,Product Complaint,"Hi Support Team, The blender motor started smoking and smelled like burning plastic on its very first usage at normal speed setting. Dangerous hazard.",High,Open,Live Chat
TCK-11420,Sophia Martinez,sophia.martinez81@example.com,Delivery Issue,"Hi Support Team, Requested weekend delivery when placing order #293240, but carrier attempted delivery on Wednesday during work hours. Thank you!",Low,Open,Web Portal
TCK-11289,Pat Rodriguez,pat.rodriguez77@example.com,Product Complaint,"Hi Support Team, Shoes look like they were previously worn; the soles are scuffed and dirty right out of the sealed shipping box.",Medium,In Progress,Mobile App
TCK-10713,Casey Rodriguez,casey.rodriguez80@example.com,Refund Request,Help needed: I was charged for a cancelled order #693868. Please expedite the refund process as this was an error on your store's end. Appreciate your quick assistance.,Low,Resolved,Email
TCK-10799,Michael Garcia,michael.garcia26@example.com,Refund Request,"Good day, How long does it take for a refund to show on a Visa debit card? Your support agent said 3-5 business days, but today is day 9. Appreciate your quick assistance.",Low,Pending Customer,Mobile App
TCK-10322,Morgan Rodriguez,morgan.rodriguez54@example.com,Login Problem,Urgent: I get 'Session expired - please login again' immediately after entering my correct username and password. Infinite loop bug. Kindly advise.,High,Pending Customer,Mobile App
TCK-11504,Riley Martinez,riley.martinez40@example.com,Delivery Issue,"The courier attempted delivery at 6:30 AM without ringing the doorbell, left a 'Failed Attempt' slip, and returned it to the depot. Thanks.",Medium,Open,Email
TCK-10264,Amelia Lee,amelia.lee81@example.com,Login Problem,"Dear Customer Service, I changed my registered email address last week, and now neither the old nor the new email is recognized by the login system. Kindly advise.",Medium,In Progress,Live Chat
TCK-10800,Ethan Brown,ethan.brown68@example.com,Refund Request,"Good day, Overcharged by $253.99 due to recurring billing glitch after account cancellation. Please reverse and refund this immediately. Appreciate your quick assistance.",High,Pending Customer,Live Chat
TCK-11014,Riley Sharma,riley.sharma81@example.com,Account Issue,"Hello, I upgraded my plan from Basic to Pro, but my account dashboard is still displaying Basic tier limits and restrictions. Appreciate your quick assistance.",Low,Pending Customer,Mobile App
TCK-11029,Michael Jones,michael.jones65@example.com,Account Issue,"Hello, I want to change my account phone number for security verification, but the system prompts me to verify via the old number which is deactivated. Thanks.",Medium,In Progress,Web Portal
TCK-11083,Avery Verma,avery.verma24@example.com,Account Issue,"Good day, My student discount verification was approved by SheerID, but my subscription billing still shows standard commercial price. Thanks.",Medium,Resolved,Web Portal
TCK-10934,Chris Johnson,chris.johnson12@example.com,Technical Support,"Urgent: File upload feature fails for files larger than 15MB with 'Payload Too Large' error, despite our plan allowing up to 100MB uploads. Kindly advise.",High,In Progress,Mobile App
TCK-10429,Mia Lee,mia.lee89@example.com,Order Status,Help needed: The tracking link provided in your email opens a blank page with error 'Tracking number not recognized by carrier'. Order #883297. Please help me resolve this ASAP.,Critical,Resolved,Email
TCK-10224,Amelia Johnson,amelia.johnson50@example.com,Login Problem,Urgent: My account says 'Account Temporarily Locked due to too many failed attempts'. How do I unlock it? I need access for my work urgently. Thanks.,High,Resolved,Web Portal
TCK-11389,Casey Williams,casey.williams75@example.com,Product Complaint,"Dear Customer Service, The blender motor started smoking and smelled like burning plastic on its very first usage at normal speed setting. Dangerous hazard. Thank you!",High,Resolved,Web Portal
TCK-10583,Avery Gupta,avery.gupta13@example.com,Order Status,To whom it may concern: I never received an order confirmation email with my tracking number for the purchase made yesterday evening. Card was charged. Looking forward to your prompt response.,Low,Pending Customer,Live Chat
TCK-10129,Sam Brown,sam.brown65@example.com,Payment Issue,"Good day, I cannot add my new credit card in the billing settings. It shows 'Tokenization Failed - invalid CVV' even though CVV is completely correct. Please help me resolve this ASAP.",High,Resolved,Mobile App
TCK-10063,Pat Lee,pat.lee85@example.com,Payment Issue,"Hello, Automatic renewal charged my expired card somehow and gave an overdue penalty of $665.75. Please fix my payment method.",Medium,Pending Customer,Live Chat
TCK-10381,Charlotte Kim,charlotte.kim83@example.com,Login Problem,"Hi Support Team, Password requirements page won't accept my 16-character secure passphrase, stating it contains illegal characters. Please help me resolve this ASAP.",High,In Progress,Mobile App
TCK-10573,David Rodriguez,david.rodriguez95@example.com,Order Status,"Hi Support Team, I need to check the delivery timeline for purchase #944882. Will it reach before Friday as I am traveling out of state? Thanks.",Low,Pending Customer,Email
TCK-11242,Michael Tanaka,michael.tanaka76@example.com,Product Complaint,"Hi Support Team, Shoes look like they were previously worn; the soles are scuffed and dirty right out of the sealed shipping box.",Low,Open,Mobile App
TCK-10141,Taylor Gupta,taylor.gupta31@example.com,Payment Issue,Urgent: Bank statement shows two identical deductions of $100.50 dated yesterday for the same order #227589. Kindly refund the extra deduction.,Critical,Open,Web Portal
TCK-11438,Avery Smith,avery.smith29@example.com,Delivery Issue,"Signature was required for this high-value laptop delivery, yet the carrier signed on my behalf with fake initials and dumped it. This is very frustrating.",Medium,In Progress,Email
TCK-10162,Michael Verma,michael.verma72@example.com,Payment Issue,"To whom it may concern: Every time I try to complete payment using Google Pay, the checkout page refreshes and clears my shopping bag without placing the order.",Medium,Resolved,Email
TCK-11001,Amelia Williams,amelia.williams38@example.com,Account Issue,"Urgent: My student discount verification was approved by SheerID, but my subscription billing still shows standard commercial price. Let me know how to proceed.",Critical,Pending Customer,Live Chat
TCK-10519,Neha Martinez,neha.martinez67@example.com,Order Status,"Dear Customer Service, The tracking dashboard says 'Exception: Delay due to weather conditions'. How many days of delay should I anticipate? Looking forward to your prompt response.",Medium,Open,Web Portal
TCK-10313,Priya Davis,priya.davis79@example.com,Login Problem,"Good day, Single Sign-On (SSO) via Google returns an error 'OAuth2 callback failed: 403 Forbidden'. Unable to access my dashboard. Thanks.",Medium,Resolved,Email
TCK-11186,Emma Gupta,emma.gupta82@example.com,Account Issue,"Good day, Our team seat count is capped at 5, but our invoice shows 10 active licenses. Please audit our user seats and adjust the billing tier.",Low,In Progress,Email
TCK-10459,Emma Jones,emma.jones31@example.com,Order Status,"Dear Customer Service, Can you send me the invoice and live GPS tracking link for order #265422 placed under my business account? Thanks.",Low,Open,Live Chat
TCK-11449,Rahul Verma,rahul.verma76@example.com,Delivery Issue,To whom it may concern: The courier tracking shows 'Returned to Sender - Recipient Not Found' without making any delivery attempt or phone call. Let me know how to proceed.,Medium,Open,Live Chat
TCK-10840,Mia Rodriguez,mia.rodriguez31@example.com,Technical Support,"Hi Support Team, WebSocket connection drops repeatedly with code 1006. Reconnection attempts cause UI lag and high CPU consumption. Looking forward to your prompt response.",Medium,In Progress,Web Portal
TCK-10086,Alex Kim,alex.kim55@example.com,Payment Issue,"Hi Support Team, Automatic renewal charged my expired card somehow and gave an overdue penalty of $706.75. Please fix my payment method. Appreciate your quick assistance.",Medium,In Progress,Email
TCK-10918,Casey Davis,casey.davis95@example.com,Technical Support,"Hey, The printer driver integration fails to render barcodes correctly, printing fuzzy unreadable lines instead of 2D data matrix. Looking forward to your prompt response.",Medium,Pending Customer,Mobile App
TCK-10855,Michael Chen,michael.chen34@example.com,Technical Support,"Hey, Database sync is failing between the mobile client and the cloud server. Offline edits are completely lost upon reconnecting. Kindly advise.",Medium,Open,Email
TCK-10634,Riley Garcia,riley.garcia64@example.com,Refund Request,Help needed: Please cancel my annual subscription renewal and issue a full refund as per your 30-day money-back guarantee policy.,Low,Resolved,Email
TCK-10147,James Martinez,james.martinez62@example.com,Payment Issue,"Good day, I was charged twice on my credit card for order #926692. Please check your billing system and reverse the duplicate $677.99 charge immediately. Appreciate your quick assistance.",High,In Progress,Email
TCK-11580,Casey Jones,casey.jones46@example.com,Delivery Issue,"Hello, The parcel was left out in heavy pouring rain on my uncovered driveway instead of under the covered front porch. Thanks.",Low,In Progress,Live Chat
TCK-11183,Sam Tanaka,sam.tanaka98@example.com,Account Issue,"Dear Customer Service, How can I merge two accounts created under different email addresses so all my purchased licenses are under one master profile? Appreciate your quick assistance.",Medium,Resolved,Web Portal
TCK-10662,Morgan Garcia,morgan.garcia46@example.com,Refund Request,"Dear Customer Service, Requested a refund 2 weeks ago for order #114327. Still waiting. If not processed today, I will have to file a credit card chargeback. Please help me resolve this ASAP.",High,Resolved,Live Chat
TCK-11232,Casey Williams,casey.williams17@example.com,Product Complaint,"Hello, Fragile glass vase was shipped without adequate bubble wrap or protective padding, arriving completely shattered into pieces. Thank you!",Low,Open,Web Portal
TCK-10878,Jordan Smith,jordan.smith18@example.com,Technical Support,"Hello, Mobile app push notifications are completely failing on Android 14 devices. Permissions are enabled in system settings. Looking forward to your prompt response.",Low,Open,Live Chat
TCK-10048,Daniel Patel,daniel.patel91@example.com,Payment Issue,"Hi Support Team, Attempting to pay via PayPal gives error code PAY_9021. The payment processing loop just hangs without confirmation. Thanks.",Low,Resolved,Mobile App
TCK-10906,Emma Garcia,emma.garcia97@example.com,Technical Support,The browser extension freezes Chrome tabs when scrolling through large document lists. Need an updated patch or workaround. Looking forward to your prompt response.,Low,Resolved,Mobile App
TCK-10981,Daniel Williams,daniel.williams74@example.com,Technical Support,To whom it may concern: WebSocket connection drops repeatedly with code 1006. Reconnection attempts cause UI lag and high CPU consumption. Kindly advise.,Low,Resolved,Web Portal
TCK-11483,Neha Davis,neha.davis44@example.com,Delivery Issue,"Hi Support Team, Courier marked my package as 'Delivered to resident', but no one was home and there is no package on the porch or with neighbors. Thanks.",Medium,Open,Email
TCK-10379,Priya Tanaka,priya.tanaka27@example.com,Login Problem,"Hi Support Team, I cannot log into my account. When I submit my password, the screen displays 'Invalid Credentials' even though I just reset it. Thanks.",Medium,Pending Customer,Email
TCK-11350,Daniel Garcia,daniel.garcia13@example.com,Product Complaint,"Good day, The size chart provided on your website is completely inaccurate. The XL shirt fits like a small medium. Requesting an exchange. This is very frustrating.",Medium,Open,Email
TCK-11461,William Lee,william.lee66@example.com,Delivery Issue,"Dear Customer Service, The parcel was left out in heavy pouring rain on my uncovered driveway instead of under the covered front porch. Thank you!",Low,Open,Email
TCK-10027,Priya Brown,priya.brown81@example.com,Payment Issue,"Hi Support Team, I received an unexpected transaction alert of $468.25 from your company that I did not authorize. Please investigate this billing error. Let me know how to proceed.",Medium,Pending Customer,Mobile App
TCK-11330,Amelia Lee,amelia.lee30@example.com,Product Complaint,"Good day, Missing essential accessories: the package did not include the power charging adapter and USB cable specified on the box. Thank you!",Medium,Open,Mobile App
TCK-10202,Sophia Kim,sophia.kim40@example.com,Login Problem,"Hi Support Team, My team member left the company and we need to revoke their login access and transfer the admin account ownership to my email. Let me know how to proceed.",Low,Resolved,Web Portal
TCK-10622,Alex Davis,alex.davis43@example.com,Refund Request,"Hey, You approved my return request last Tuesday, but I have not received the credit note or refund payment confirmation yet. Thank you!",Medium,Resolved,Live Chat
TCK-11319,James Davis,james.davis16@example.com,Product Complaint,"Hey, Shoes look like they were previously worn; the soles are scuffed and dirty right out of the sealed shipping box. This is very frustrating.",High,Pending Customer,Live Chat
TCK-11459,Charlotte Sharma,charlotte.sharma71@example.com,Delivery Issue,"Good day, The delivery status has said 'Out for Delivery' for three consecutive days from 8 AM to 9 PM, but driver never shows up.",Medium,Open,Web Portal
TCK-10484,James Smith,james.smith64@example.com,Order Status,Checking if order #352943 can still be expedited to express next-day delivery? I am willing to pay the difference. This is very frustrating.,High,Open,Mobile App
TCK-11370,Alex Sharma,alex.sharma15@example.com,Product Complaint,"Hello, Missing essential accessories: the package did not include the power charging adapter and USB cable specified on the box. This is very frustrating.",High,Open,Email
TCK-11308,Amelia Johnson,amelia.johnson88@example.com,Product Complaint,Help needed: The blender motor started smoking and smelled like burning plastic on its very first usage at normal speed setting. Dangerous hazard. Thank you!,Critical,In Progress,Web Portal
TCK-11334,Amelia Miller,amelia.miller62@example.com,Product Complaint,"Dear Customer Service, Shoes look like they were previously worn; the soles are scuffed and dirty right out of the sealed shipping box. Appreciate your quick assistance.",Medium,Open,Mobile App
TCK-10114,Alex Kim,alex.kim61@example.com,Payment Issue,"Dear Customer Service, Why is my debit card being declined at the payment screen? There are sufficient funds available and my bank says the merchant gateway is rejecting it. Thank you!",Medium,Open,Mobile App
TCK-10742,Casey Tanaka,casey.tanaka53@example.com,Refund Request,I was charged for a cancelled order #499360. Please expedite the refund process as this was an error on your store's end. Kindly advise.,Medium,Resolved,Web Portal
TCK-11141,James Davis,james.davis30@example.com,Account Issue,"Dear Customer Service, I need to change my primary registered email address from old@example.com to new@example.com because I lost access to the old email provider. Appreciate your quick assistance.",Medium,In Progress,Web Portal
TCK-10284,Jordan Gupta,jordan.gupta29@example.com,Login Problem,"Hey, When I try to login from my home office IP address, it flags 'Suspicious login detected' and blocks my access completely. Looking forward to your prompt response.",Low,Open,Mobile App
TCK-11106,Sam Chen,sam.chen40@example.com,Account Issue,Help needed: Please help me update the legal company name and tax ID (VAT number) on our corporate subscription account. Thanks.,Low,In Progress,Email
TCK-10708,Michael Williams,michael.williams62@example.com,Refund Request,"Refund status says 'Completed' in my portal, but my bank statement shows zero incoming transfers. Please share the ARN / bank reference number. Let me know how to proceed.",Medium,Resolved,Mobile App
TCK-11260,Casey Smith,casey.smith59@example.com,Product Complaint,"Dear Customer Service, The camera lens has internal dust particles sealed beneath the glass element which blurs every photo taken.",Medium,Resolved,Web Portal
TCK-10050,Pat Martinez,pat.martinez59@example.com,Payment Issue,Help needed: I was charged twice on my credit card for order #119320. Please check your billing system and reverse the duplicate $632.00 charge immediately. Let me know how to proceed.,High,Open,Web Portal
TCK-10555,Priya Wang,priya.wang40@example.com,Order Status,"Hey, Order status shows 'In Transit' for the last 10 days with no location scans since leaving the regional sorting hub. Let me know how to proceed.",Medium,Open,Web Portal
TCK-10607,Riley Martinez,riley.martinez65@example.com,Refund Request,"Urgent: You approved my return request last Tuesday, but I have not received the credit note or refund payment confirmation yet. Please help me resolve this ASAP.",Critical,Resolved,Web Portal
TCK-11473,James Jones,james.jones20@example.com,Delivery Issue,"Hey, The courier tracking shows 'Returned to Sender - Recipient Not Found' without making any delivery attempt or phone call. Thank you!",Low,Open,Live Chat
TCK-11408,Priya Miller,priya.miller12@example.com,Delivery Issue,"Hey, The delivery driver literally threw the heavy parcel over my high front fence, denting the outer shipping box. Thanks.",Low,Resolved,Live Chat
TCK-10648,Riley Patel,riley.patel94@example.com,Refund Request,"Hi Support Team, The flight ticket was cancelled due to schedule changes by your airline partner. I demand a prompt 100% cash refund. This is very frustrating.",High,In Progress,Email
TCK-10550,Avery Chen,avery.chen43@example.com,Order Status,"Hello, Is there any update on the backordered item in order #654998? It has been 2 weeks since the expected restock date. Kindly advise.",Low,Pending Customer,Email
TCK-10348,Neha Lee,neha.lee47@example.com,Login Problem,"Dear Customer Service, My team member left the company and we need to revoke their login access and transfer the admin account ownership to my email. This is very frustrating.",Medium,Resolved,Live Chat
TCK-10081,David Williams,david.williams38@example.com,Payment Issue,Help needed: Bank statement shows two identical deductions of $69.00 dated yesterday for the same order #938534. Kindly refund the extra deduction. Thank you!,Medium,Open,Mobile App
TCK-10544,Avery Williams,avery.williams94@example.com,Order Status,"Dear Customer Service, Can you please provide the latest tracking status for my order #732023? Placed it 6 days ago and haven't received any dispatch email. Please help me resolve this ASAP.",High,Open,Mobile App
TCK-11359,Michael Martinez,michael.martinez66@example.com,Product Complaint,To whom it may concern: The non-stick frying pan coating began peeling and flaking into food after just three gentle hand-wash cleanings. Thanks.,Medium,Resolved,Live Chat
TCK-11559,Charlotte Brown,charlotte.brown50@example.com,Delivery Issue,"Hello, The delivery status has said 'Out for Delivery' for three consecutive days from 8 AM to 9 PM, but driver never shows up. Thank you!",Medium,Resolved,Email
TCK-11414,Amelia Tanaka,amelia.tanaka11@example.com,Delivery Issue,"Dear Customer Service, Delivery address was updated to my new apartment, but the package was dispatched to my old address in another city. Looking forward to your prompt response.",Medium,Resolved,Live Chat
TCK-10119,Pat Wang,pat.wang56@example.com,Payment Issue,"Good day, My Apple Pay transaction timed out at final review, yet my credit limit shows the hold. Did the payment clear or should I retry? Looking forward to your prompt response.",Medium,Pending Customer,Email
TCK-10146,Priya Martinez,priya.martinez57@example.com,Payment Issue,"Help needed: I used a promo coupon code offering $30 discount, but my final invoice charged the full price without the promotional deduction. Looking forward to your prompt response.",Low,Pending Customer,Live Chat
TCK-11068,Isabella Lee,isabella.lee68@example.com,Account Issue,"Hi Support Team, My account profile picture and username will not update. It says 'Profile updated successfully', but old details remain. Thanks.",Low,Pending Customer,Mobile App
TCK-10675,Alexander Williams,alexander.williams14@example.com,Refund Request,"Hello, The flight ticket was cancelled due to schedule changes by your airline partner. I demand a prompt 100% cash refund. Please help me resolve this ASAP.",High,Resolved,Mobile App
TCK-10198,Isabella Davis,isabella.davis47@example.com,Payment Issue,"Hi Support Team, My Apple Pay transaction timed out at final review, yet my credit limit shows the hold. Did the payment clear or should I retry? Kindly advise.",Low,Pending Customer,Web Portal
TCK-10908,David Williams,david.williams98@example.com,Technical Support,"Good day, The desktop application crashes immediately upon opening on macOS Sonoma. Error log mentions 'Segmentation fault at 0x000003'. Thank you!",Critical,Pending Customer,Email
TCK-11441,Morgan Johnson,morgan.johnson72@example.com,Delivery Issue,"Hello, The courier driver refused to bring the heavy 45kg parcel up to my apartment floor, leaving it on the street sidewalk. Kindly advise.",Medium,In Progress,Email
TCK-10461,Priya Patel,priya.patel44@example.com,Order Status,"Hey, Can you send me the invoice and live GPS tracking link for order #553221 placed under my business account? Thanks.",Medium,Pending Customer,Mobile App
TCK-11338,David Martinez,david.martinez69@example.com,Product Complaint,"Hey, The software license key printed on the inside card says 'Already Redeemed by another user'. I bought this brand new sealed. This is very frustrating.",High,Open,Email
TCK-10803,Alexander Williams,alexander.williams12@example.com,Technical Support,"Hey, After the latest firmware v2.4.1 update, the smart hub disconnects from Wi-Fi every 15 minutes and requires a manual power cycle. Let me know how to proceed.",Low,Pending Customer,Web Portal
TCK-10481,Michael Lee,michael.lee57@example.com,Order Status,Where is my package for order #775797? The courier tracking shows 'Manifest Created' but carrier has not picked it up.,Low,In Progress,Email
TCK-11073,Chris Johnson,chris.johnson18@example.com,Account Issue,"Help needed: My account profile picture and username will not update. It says 'Profile updated successfully', but old details remain. Thank you!",Medium,In Progress,Live Chat
TCK-11220,Sam Gupta,sam.gupta50@example.com,Product Complaint,"Hello, The software license key printed on the inside card says 'Already Redeemed by another user'. I bought this brand new sealed. Thanks.",Medium,In Progress,Web Portal
TCK-10699,Nikhil Rodriguez,nikhil.rodriguez72@example.com,Refund Request,"Hi Support Team, How long does it take for a refund to show on a Visa debit card? Your support agent said 3-5 business days, but today is day 9. This is very frustrating.",Medium,Open,Email
TCK-10029,Nikhil Tanaka,nikhil.tanaka18@example.com,Payment Issue,"Hello, I received an unexpected transaction alert of $656.75 from your company that I did not authorize. Please investigate this billing error. This is very frustrating.",Medium,In Progress,Email
TCK-10289,Emma Kim,emma.kim85@example.com,Login Problem,"To whom it may concern: The mobile app keeps logging me out every 2 minutes. When I attempt to re-login, the login button spins continuously without responding.",Medium,In Progress,Mobile App
TCK-10434,Isabella Patel,isabella.patel81@example.com,Order Status,To whom it may concern: Order status shows 'In Transit' for the last 10 days with no location scans since leaving the regional sorting hub. This is very frustrating.,Medium,Pending Customer,Email
TCK-11465,Emma Smith,emma.smith97@example.com,Delivery Issue,"Hello, Signature was required for this high-value laptop delivery, yet the carrier signed on my behalf with fake initials and dumped it. Thank you!",Medium,Pending Customer,Email
TCK-10545,Rahul Patel,rahul.patel61@example.com,Order Status,"Hi Support Team, I ordered three items under order #470604, but received only one small parcel today. Are the remaining two items shipping separately?",Medium,Pending Customer,Live Chat
TCK-11043,Avery Kim,avery.kim34@example.com,Account Issue,"Good day, How do I download a complete archive copy of my account data, purchase history, and uploaded invoices for tax auditing? Appreciate your quick assistance.",Low,Pending Customer,Mobile App
TCK-10020,Amelia Gupta,amelia.gupta39@example.com,Payment Issue,"To whom it may concern: Every time I try to complete payment using Google Pay, the checkout page refreshes and clears my shopping bag without placing the order. Please help me resolve this ASAP.",High,In Progress,Live Chat
TCK-11316,Neha Wang,neha.wang57@example.com,Product Complaint,Urgent: The blender motor started smoking and smelled like burning plastic on its very first usage at normal speed setting. Dangerous hazard. Kindly advise.,High,Resolved,Live Chat
TCK-10300,James Rodriguez,james.rodriguez60@example.com,Login Problem,"Hey, Single Sign-On (SSO) via Google returns an error 'OAuth2 callback failed: 403 Forbidden'. Unable to access my dashboard. Appreciate your quick assistance.",High,Resolved,Email
TCK-10975,Amelia Lee,amelia.lee80@example.com,Technical Support,"Good day, Our developers are unable to integrate the Webhook endpoint. Incoming POST payloads are missing the signature verification header. Kindly advise.",Low,Pending Customer,Live Chat
TCK-11160,Avery Chen,avery.chen22@example.com,Account Issue,"Hello, I accidentally created two duplicate profiles for the same customer. Can your support team merge their loyalty points? Let me know how to proceed.",Low,Open,Web Portal
TCK-10440,Nikhil Garcia,nikhil.garcia63@example.com,Order Status,Urgent: Where is my package for order #184130? The courier tracking shows 'Manifest Created' but carrier has not picked it up. Appreciate your quick assistance.,High,Resolved,Live Chat
TCK-10246,Olivia Garcia,olivia.garcia43@example.com,Login Problem,"Hello, Single Sign-On (SSO) via Google returns an error 'OAuth2 callback failed: 403 Forbidden'. Unable to access my dashboard. Please help me resolve this ASAP.",High,Pending Customer,Live Chat
TCK-11285,Casey Williams,casey.williams51@example.com,Product Complaint,"Dear Customer Service, One of the dining table legs is two inches shorter than the others, making the table wobble violently. Defective manufacturing. This is very frustrating.",Medium,Open,Live Chat
TCK-11189,Chris Williams,chris.williams11@example.com,Account Issue,"Hi Support Team, I accidentally created two duplicate profiles for the same customer. Can your support team merge their loyalty points? This is very frustrating.",High,Resolved,Web Portal
TCK-11451,Priya Rodriguez,priya.rodriguez16@example.com,Delivery Issue,"Dear Customer Service, The courier attempted delivery at 6:30 AM without ringing the doorbell, left a 'Failed Attempt' slip, and returned it to the depot.",Medium,Resolved,Email
TCK-11190,James Verma,james.verma69@example.com,Account Issue,"Hey, How do I download a complete archive copy of my account data, purchase history, and uploaded invoices for tax auditing? Let me know how to proceed.",Low,Pending Customer,Mobile App
TCK-11475,James Verma,james.verma22@example.com,Delivery Issue,"Help needed: The courier driver refused to bring the heavy 45kg parcel up to my apartment floor, leaving it on the street sidewalk. This is very frustrating.",High,Open,Mobile App
TCK-10524,Avery Williams,avery.williams49@example.com,Order Status,Order status shows 'In Transit' for the last 10 days with no location scans since leaving the regional sorting hub. Kindly advise.,Medium,Resolved,Email
TCK-10060,Emma Sharma,emma.sharma52@example.com,Payment Issue,"Hi Support Team, The installment payment option failed to split my bill, and you deducted the full amount of $24.99 at once. Please correct the installment plan. Let me know how to proceed.",Medium,Resolved,Mobile App
TCK-11543,Isabella Kim,isabella.kim77@example.com,Delivery Issue,"The courier attempted delivery at 6:30 AM without ringing the doorbell, left a 'Failed Attempt' slip, and returned it to the depot. Appreciate your quick assistance.",High,In Progress,Mobile App
TCK-10643,Pat Patel,pat.patel47@example.com,Refund Request,Help needed: Returned package was delivered to your warehouse according to FedEx tracking #REF-12036. When will inspection complete and refund issue?,Medium,In Progress,Web Portal
TCK-10062,Ananya Patel,ananya.patel59@example.com,Payment Issue,"Hello, Bank statement shows two identical deductions of $399.50 dated yesterday for the same order #925047. Kindly refund the extra deduction. Appreciate your quick assistance.",Medium,In Progress,Web Portal
TCK-11347,Sam Sharma,sam.sharma40@example.com,Product Complaint,"Good day, The non-stick frying pan coating began peeling and flaking into food after just three gentle hand-wash cleanings. Thanks.",Low,Open,Web Portal
TCK-11109,Taylor Garcia,taylor.garcia97@example.com,Account Issue,"Hey, I accidentally created two duplicate profiles for the same customer. Can your support team merge their loyalty points? Let me know how to proceed.",Medium,Resolved,Web Portal
TCK-10355,James Jones,james.jones12@example.com,Login Problem,To whom it may concern: Biometric Face ID login failed on my iOS device and now asking for a master PIN that I never configured during initial setup. Appreciate your quick assistance.,High,In Progress,Email
TCK-11086,Casey Verma,casey.verma84@example.com,Account Issue,"Urgent: Our team seat count is capped at 5, but our invoice shows 10 active licenses. Please audit our user seats and adjust the billing tier. This is very frustrating.",Critical,Pending Customer,Mobile App
TCK-11120,Michael Sharma,michael.sharma86@example.com,Account Issue,"Hi Support Team, Need to remove a former administrator from our organization workspace and reassign all project ownership to my user ID. Kindly advise.",Medium,Resolved,Email
TCK-11598,David Wang,david.wang31@example.com,Delivery Issue,My parcel was sent to the wrong delivery hub across the country due to a barcode sorting misroute. Need urgent reroute. Thank you!,High,Pending Customer,Email
TCK-11252,Ethan Patel,ethan.patel87@example.com,Product Complaint,"Hi Support Team, The zipper on this leather backpack broke off on day two of use. This is unacceptable for a luxury price product. Please help me resolve this ASAP.",Critical,Resolved,Mobile App
TCK-11292,Emma Miller,emma.miller81@example.com,Product Complaint,The software license key printed on the inside card says 'Already Redeemed by another user'. I bought this brand new sealed. Appreciate your quick assistance.,Medium,Resolved,Web Portal
TCK-10401,Alexander Brown,alexander.brown66@example.com,Order Status,"Good day, I never received an order confirmation email with my tracking number for the purchase made yesterday evening. Card was charged. Please help me resolve this ASAP.",Critical,In Progress,Web Portal
TCK-10435,Amelia Chen,amelia.chen89@example.com,Order Status,"Help needed: Could you confirm if order #804563 has been dispatched? The estimated arrival date was today, but no courier updates yet. Let me know how to proceed.",Low,Resolved,Mobile App
TCK-11363,Aarav Davis,aarav.davis30@example.com,Product Complaint,"Good day, Product description claimed this monitor has built-in speakers and HDR support, but the unit received lacks both features entirely. Thanks.",Medium,In Progress,Email
TCK-10390,Olivia Singh,olivia.singh66@example.com,Login Problem,"Dear Customer Service, Verification code sent to authenticator app (Google Authenticator) says 'Code expired' every time I type it in. This is very frustrating.",High,Resolved,Mobile App
TCK-10612,Morgan Miller,morgan.miller23@example.com,Refund Request,"Good day, I was promised a full refund of $607.50 due to defective parts, but you only credited a partial amount of $25. Please refund the remainder. Let me know how to proceed.",Medium,In Progress,Web Portal
TCK-10361,Alexander Jones,alexander.jones21@example.com,Login Problem,To whom it may concern: I get 'Session expired - please login again' immediately after entering my correct username and password. Infinite loop bug. This is very frustrating.,Critical,Resolved,Live Chat
TCK-10467,Ethan Sharma,ethan.sharma19@example.com,Order Status,"Hi Support Team, Where is my package for order #982886? The courier tracking shows 'Manifest Created' but carrier has not picked it up.",Low,Resolved,Email
TCK-11410,Isabella Rodriguez,isabella.rodriguez64@example.com,Delivery Issue,Help needed: Package is held at customs clearance depot for 8 days because the shipping invoice documentation was missing from the parcel. Kindly advise.,Medium,Resolved,Mobile App
TCK-10161,Casey Martinez,casey.martinez96@example.com,Payment Issue,Urgent: Payment verification OTP is never delivered to my registered phone number during 3D Secure authentication. Payment times out every time. Looking forward to your prompt response.,High,Resolved,Live Chat
TCK-10173,Olivia Wang,olivia.wang43@example.com,Payment Issue,"Dear Customer Service, Bank statement shows two identical deductions of $701.99 dated yesterday for the same order #292786. Kindly refund the extra deduction. Kindly advise.",Low,Resolved,Live Chat
TCK-11098,Avery Verma,avery.verma27@example.com,Account Issue,"Good day, I upgraded my plan from Basic to Pro, but my account dashboard is still displaying Basic tier limits and restrictions. This is very frustrating.",High,In Progress,Web Portal
TCK-10450,Rahul Wang,rahul.wang27@example.com,Order Status,"Hi Support Team, Where is my package for order #518110? The courier tracking shows 'Manifest Created' but carrier has not picked it up. Appreciate your quick assistance.",Medium,In Progress,Live Chat
TCK-10369,Morgan Verma,morgan.verma10@example.com,Login Problem,Urgent: Verification code sent to authenticator app (Google Authenticator) says 'Code expired' every time I type it in. This is very frustrating.,Critical,In Progress,Mobile App
TCK-10851,Olivia Williams,olivia.williams84@example.com,Technical Support,"To whom it may concern: SSL certificate on your webhook callback domain appears to have expired yesterday, causing all our automated background jobs to fail. Kindly advise.",Low,Pending Customer,Web Portal
TCK-10184,Olivia Wang,olivia.wang92@example.com,Payment Issue,"Dear Customer Service, Automatic renewal charged my expired card somehow and gave an overdue penalty of $30.75. Please fix my payment method. Appreciate your quick assistance.",Low,Pending Customer,Web Portal
TCK-10644,Amelia Lee,amelia.lee37@example.com,Refund Request,To whom it may concern: The return courier picked up the parcel from my doorstep on Monday. Kindly initiate the refund to my original payment source. Appreciate your quick assistance.,Low,In Progress,Web Portal
TCK-11122,Aarav Wang,aarav.wang70@example.com,Account Issue,"Hello, We are receiving marketing emails and promotional newsletters even though all communication preferences are disabled in my profile. Let me know how to proceed.",Medium,Open,Live Chat
TCK-11237,David Martinez,david.martinez75@example.com,Product Complaint,"To whom it may concern: You sent me the wrong color! I ordered Midnight Blue, but you shipped bright yellow. I need the correct item sent ASAP. Please help me resolve this ASAP.",Critical,Resolved,Live Chat
TCK-10112,Daniel Singh,daniel.singh31@example.com,Payment Issue,"Hey, I received an unexpected transaction alert of $662.99 from your company that I did not authorize. Please investigate this billing error. Thank you!",Medium,Resolved,Mobile App
TCK-10718,Sam Wang,sam.wang81@example.com,Refund Request,"Good day, Please cancel my annual subscription renewal and issue a full refund as per your 30-day money-back guarantee policy. Looking forward to your prompt response.",Low,Resolved,Web Portal
TCK-10529,Aarav Miller,aarav.miller54@example.com,Order Status,"Good day, Order status shows 'In Transit' for the last 10 days with no location scans since leaving the regional sorting hub.",Low,In Progress,Email
TCK-11040,Riley Patel,riley.patel34@example.com,Account Issue,"Help needed: My account profile picture and username will not update. It says 'Profile updated successfully', but old details remain. Thanks.",Low,Open,Email
TCK-10627,Morgan Martinez,morgan.martinez44@example.com,Refund Request,"Good day, Returned package was delivered to your warehouse according to FedEx tracking #REF-22836. When will inspection complete and refund issue? Thanks.",Low,Open,Email
TCK-10244,Emma Williams,emma.williams68@example.com,Login Problem,"Good day, Unable to sign in on Chrome desktop browser. Clearing cookies and cache did not help, getting 'Error 401 Unauthorized'. Kindly advise.",Critical,Pending Customer,Mobile App
TCK-10227,Alexander Tanaka,alexander.tanaka52@example.com,Login Problem,To whom it may concern: I get 'Session expired - please login again' immediately after entering my correct username and password. Infinite loop bug. Thank you!,High,In Progress,Mobile App
TCK-11348,Daniel Singh,daniel.singh68@example.com,Product Complaint,Urgent: The zipper on this leather backpack broke off on day two of use. This is unacceptable for a luxury price product. Appreciate your quick assistance.,Critical,Pending Customer,Mobile App
TCK-10543,Ethan Davis,ethan.davis80@example.com,Order Status,Where is my package for order #540187? The courier tracking shows 'Manifest Created' but carrier has not picked it up. Appreciate your quick assistance.,Low,Pending Customer,Web Portal
TCK-11110,Avery Singh,avery.singh82@example.com,Account Issue,"Hey, I want to change my account phone number for security verification, but the system prompts me to verify via the old number which is deactivated. Thank you!",Medium,Open,Web Portal
TCK-10848,Ananya Williams,ananya.williams97@example.com,Technical Support,"Hello, The browser extension freezes Chrome tabs when scrolling through large document lists. Need an updated patch or workaround.",Low,Open,Web Portal
TCK-11564,Avery Singh,avery.singh79@example.com,Delivery Issue,"To whom it may concern: Requested weekend delivery when placing order #607053, but carrier attempted delivery on Wednesday during work hours. Please help me resolve this ASAP.",High,In Progress,Web Portal
TCK-10309,Nikhil Garcia,nikhil.garcia92@example.com,Login Problem,"Hey, My account says 'Account Temporarily Locked due to too many failed attempts'. How do I unlock it? I need access for my work urgently. Please help me resolve this ASAP.",High,In Progress,Mobile App
TCK-11005,Aarav Davis,aarav.davis83@example.com,Account Issue,"Hello, How do I download a complete archive copy of my account data, purchase history, and uploaded invoices for tax auditing? Let me know how to proceed.",Medium,Open,Web Portal
TCK-10483,Neha Smith,neha.smith32@example.com,Order Status,My order status abruptly changed from 'Shipped' back to 'On Hold'. What is the reason for this hold? Kindly advise.,Low,Pending Customer,Live Chat
TCK-10956,Pat Johnson,pat.johnson35@example.com,Technical Support,To whom it may concern: Search functionality in the app is broken; typing any search query returns an unhandled React error in the browser console. Kindly advise.,Medium,In Progress,Mobile App
TCK-10211,Sophia Martinez,sophia.martinez65@example.com,Login Problem,"Dear Customer Service, Unable to sign in on Chrome desktop browser. Clearing cookies and cache did not help, getting 'Error 401 Unauthorized'.",Critical,Open,Email
TCK-10251,Olivia Davis,olivia.davis61@example.com,Login Problem,To whom it may concern: Biometric Face ID login failed on my iOS device and now asking for a master PIN that I never configured during initial setup. Kindly advise.,High,Resolved,Web Portal
TCK-10387,Charlotte Wang,charlotte.wang80@example.com,Login Problem,"I changed my registered email address last week, and now neither the old nor the new email is recognized by the login system. Please help me resolve this ASAP.",Critical,Open,Email
TCK-10959,Sophia Rodriguez,sophia.rodriguez53@example.com,Technical Support,Help needed: Our developers are unable to integrate the Webhook endpoint. Incoming POST payloads are missing the signature verification header. Thank you!,Low,Open,Live Chat
TCK-10102,Ananya Wang,ananya.wang71@example.com,Payment Issue,"Dear Customer Service, The installment payment option failed to split my bill, and you deducted the full amount of $210.25 at once. Please correct the installment plan. This is very frustrating.",Medium,In Progress,Live Chat
TCK-11138,Priya Chen,priya.chen94@example.com,Account Issue,"Good day, I would like to permanently delete my account and erase all associated personal data in accordance with GDPR regulations.",Low,Resolved,Mobile App
TCK-10592,Casey Tanaka,casey.tanaka22@example.com,Order Status,The tracking link provided in your email opens a blank page with error 'Tracking number not recognized by carrier'. Order #487616. Please help me resolve this ASAP.,High,In Progress,Mobile App
TCK-11586,Riley Patel,riley.patel52@example.com,Delivery Issue,"Hello, The courier driver refused to bring the heavy 45kg parcel up to my apartment floor, leaving it on the street sidewalk. Appreciate your quick assistance.",Low,Open,Email
TCK-11016,Taylor Patel,taylor.patel23@example.com,Account Issue,"Good day, Our team seat count is capped at 5, but our invoice shows 10 active licenses. Please audit our user seats and adjust the billing tier. Appreciate your quick assistance.",Medium,In Progress,Live Chat
TCK-10753,Pat Miller,pat.miller75@example.com,Refund Request,"Hello, I want to return this unopened item and get a direct refund rather than store credit vouchers. Please advise on the return label. Please help me resolve this ASAP.",Critical,Open,Web Portal
TCK-10070,Amelia Gupta,amelia.gupta89@example.com,Payment Issue,"Good day, My Apple Pay transaction timed out at final review, yet my credit limit shows the hold. Did the payment clear or should I retry?",Low,In Progress,Mobile App
TCK-10556,Avery Martinez,avery.martinez26@example.com,Order Status,"Hey, I never received an order confirmation email with my tracking number for the purchase made yesterday evening. Card was charged. Thank you!",Low,Open,Live Chat
TCK-10341,Olivia Davis,olivia.davis25@example.com,Login Problem,"Help needed: I changed my registered email address last week, and now neither the old nor the new email is recognized by the login system.",Medium,Open,Mobile App
TCK-11349,Ananya Martinez,ananya.martinez53@example.com,Product Complaint,"To whom it may concern: One of the dining table legs is two inches shorter than the others, making the table wobble violently. Defective manufacturing. Looking forward to your prompt response.",Low,Resolved,Email
TCK-11429,Emma Chen,emma.chen38@example.com,Delivery Issue,"Good day, Courier says delivery address is 'Incomplete / Missing Apt Number' even though my order confirmation shows complete details.",Low,In Progress,Mobile App
TCK-10818,Charlotte Garcia,charlotte.garcia58@example.com,Technical Support,"Hello, Exported CSV files have corrupted text formatting and broken UTF-8 encoding for international non-English characters. Appreciate your quick assistance.",Medium,Open,Live Chat
TCK-11229,Aarav Rodriguez,aarav.rodriguez94@example.com,Product Complaint,The smartphone display screen arrived with multiple visible scratches and a dead pixel in the center. Very poor quality control. Thanks.,Medium,Pending Customer,Live Chat
TCK-10754,Avery Patel,avery.patel92@example.com,Refund Request,Help needed: The flight ticket was cancelled due to schedule changes by your airline partner. I demand a prompt 100% cash refund. Please help me resolve this ASAP.,Critical,Resolved,Email
TCK-10976,Ananya Johnson,ananya.johnson21@example.com,Technical Support,"Hi Support Team, Exported CSV files have corrupted text formatting and broken UTF-8 encoding for international non-English characters. Let me know how to proceed.",Medium,Open,Live Chat
TCK-10579,Taylor Rodriguez,taylor.rodriguez92@example.com,Order Status,"Hey, I ordered three items under order #129773, but received only one small parcel today. Are the remaining two items shipping separately? Appreciate your quick assistance.",Medium,Pending Customer,Web Portal
TCK-10964,Riley Garcia,riley.garcia42@example.com,Technical Support,"Hello, Search functionality in the app is broken; typing any search query returns an unhandled React error in the browser console. Please help me resolve this ASAP.",High,Open,Mobile App
TCK-11096,Mia Gupta,mia.gupta87@example.com,Account Issue,Need to remove a former administrator from our organization workspace and reassign all project ownership to my user ID. This is very frustrating.,High,Resolved,Email
TCK-11225,William Sharma,william.sharma19@example.com,Product Complaint,Help needed: The smartphone display screen arrived with multiple visible scratches and a dead pixel in the center. Very poor quality control. Looking forward to your prompt response.,Medium,In Progress,Web Portal
TCK-10678,Mia Garcia,mia.garcia38@example.com,Refund Request,"Good day, I want my money back for the defective item I returned last week. Please process the credit immediately. This is very frustrating.",High,Resolved,Mobile App
TCK-10830,Rahul Smith,rahul.smith34@example.com,Technical Support,Getting HTTP 500 Internal Server Error whenever I click on the 'Export PDF Report' button in the dashboard analytics module. Thanks.,Medium,In Progress,Email
TCK-10747,Isabella Kim,isabella.kim13@example.com,Refund Request,"Good day, I cancelled order #769114 within 30 minutes of placing it. Please confirm when the refund will reflect in my bank account. This is very frustrating.",Medium,In Progress,Live Chat
TCK-10912,Riley Jones,riley.jones69@example.com,Technical Support,"Dear Customer Service, Database sync is failing between the mobile client and the cloud server. Offline edits are completely lost upon reconnecting. Kindly advise.",Low,In Progress,Live Chat
TCK-10490,Priya Brown,priya.brown73@example.com,Order Status,I never received an order confirmation email with my tracking number for the purchase made yesterday evening. Card was charged. Kindly advise.,Low,Pending Customer,Mobile App
TCK-10993,Ethan Jones,ethan.jones33@example.com,Technical Support,Getting HTTP 500 Internal Server Error whenever I click on the 'Export PDF Report' button in the dashboard analytics module. Looking forward to your prompt response.,Low,Open,Email
TCK-11448,Alex Martinez,alex.martinez89@example.com,Delivery Issue,"To whom it may concern: The delivery status has said 'Out for Delivery' for three consecutive days from 8 AM to 9 PM, but driver never shows up.",Medium,Pending Customer,Mobile App
TCK-10016,Olivia Smith,olivia.smith66@example.com,Payment Issue,"Urgent: My payment failed during checkout using my Visa card, but money got deducted from my bank account. Order ID: #815667. Appreciate your quick assistance.",Critical,Open,Email
TCK-11371,Michael Singh,michael.singh68@example.com,Product Complaint,"Good day, The camera lens has internal dust particles sealed beneath the glass element which blurs every photo taken. Thank you!",Low,Pending Customer,Email
TCK-10533,Sophia Kim,sophia.kim52@example.com,Order Status,To whom it may concern: Can you please provide the latest tracking status for my order #719301? Placed it 6 days ago and haven't received any dispatch email. This is very frustrating.,Medium,Resolved,Web Portal
TCK-10590,David Davis,david.davis77@example.com,Order Status,"Hey, Could you confirm if order #911718 has been dispatched? The estimated arrival date was today, but no courier updates yet. Thank you!",Medium,Pending Customer,Mobile App
TCK-10324,Jordan Sharma,jordan.sharma39@example.com,Login Problem,"Urgent: I changed my registered email address last week, and now neither the old nor the new email is recognized by the login system. Let me know how to proceed.",High,Pending Customer,Web Portal
TCK-10349,Amelia Wang,amelia.wang34@example.com,Login Problem,"Hello, Password requirements page won't accept my 16-character secure passphrase, stating it contains illegal characters. Appreciate your quick assistance.",Medium,Pending Customer,Mobile App
TCK-10756,Jordan Rodriguez,jordan.rodriguez95@example.com,Refund Request,"Dear Customer Service, I returned the damaged jacket 10 days ago (return tracking #REF-95599). When will my refund of $229.25 be processed back to my card? This is very frustrating.",High,Pending Customer,Web Portal
TCK-11264,Amelia Kim,amelia.kim69@example.com,Product Complaint,The camera lens has internal dust particles sealed beneath the glass element which blurs every photo taken. Thanks.,Low,Pending Customer,Email
TCK-10493,Pat Garcia,pat.garcia41@example.com,Order Status,Order status shows 'In Transit' for the last 10 days with no location scans since leaving the regional sorting hub. This is very frustrating.,Medium,In Progress,Email
TCK-10408,Jordan Smith,jordan.smith97@example.com,Order Status,"Hey, Order #162223 is shown as 'Preparing for dispatch' since Monday. Customer care bot is not providing meaningful updates. Let me know how to proceed.",Low,In Progress,Web Portal
TCK-10771,Daniel Lee,daniel.lee51@example.com,Refund Request,Help needed: The flight ticket was cancelled due to schedule changes by your airline partner. I demand a prompt 100% cash refund. Thank you!,Medium,In Progress,Email
TCK-10739,Sophia Sharma,sophia.sharma74@example.com,Refund Request,"Hi Support Team, I want to return this unopened item and get a direct refund rather than store credit vouchers. Please advise on the return label. Thank you!",Low,In Progress,Web Portal
TCK-10140,Isabella Sharma,isabella.sharma19@example.com,Payment Issue,I cannot add my new credit card in the billing settings. It shows 'Tokenization Failed - invalid CVV' even though CVV is completely correct. Thank you!,High,Open,Web Portal
TCK-10962,Charlotte Rodriguez,charlotte.rodriguez15@example.com,Technical Support,"Good day, File upload feature fails for files larger than 15MB with 'Payload Too Large' error, despite our plan allowing up to 100MB uploads. This is very frustrating.",Medium,Resolved,Live Chat
TCK-11436,Sam Martinez,sam.martinez45@example.com,Delivery Issue,"Hello, Delivery address was updated to my new apartment, but the package was dispatched to my old address in another city. Looking forward to your prompt response.",Medium,Resolved,Live Chat
TCK-11520,Aarav Lee,aarav.lee43@example.com,Delivery Issue,"Good day, Package is held at customs clearance depot for 8 days because the shipping invoice documentation was missing from the parcel. Please help me resolve this ASAP.",High,In Progress,Live Chat
TCK-10734,Sophia Williams,sophia.williams32@example.com,Refund Request,To whom it may concern: Sent the package back via postal return. Where is my refund? It has been over two weeks. Thanks.,Medium,Open,Live Chat
TCK-11469,Mia Wang,mia.wang14@example.com,Delivery Issue,"The delivery status has said 'Out for Delivery' for three consecutive days from 8 AM to 9 PM, but driver never shows up.",Medium,Open,Email
TCK-10661,Alexander Patel,alexander.patel61@example.com,Refund Request,"Dear Customer Service, I was charged for a cancelled order #683973. Please expedite the refund process as this was an error on your store's end. Appreciate your quick assistance.",Low,Resolved,Live Chat
TCK-10760,Amelia Miller,amelia.miller49@example.com,Refund Request,"Dear Customer Service, I returned the damaged jacket 10 days ago (return tracking #REF-26256). When will my refund of $774.50 be processed back to my card? Please help me resolve this ASAP.",High,In Progress,Web Portal
TCK-10609,David Jones,david.jones47@example.com,Refund Request,"Hey, You approved my return request last Tuesday, but I have not received the credit note or refund payment confirmation yet. Please help me resolve this ASAP.",High,Resolved,Web Portal
TCK-10271,Priya Gupta,priya.gupta15@example.com,Login Problem,"Good day, My team member left the company and we need to revoke their login access and transfer the admin account ownership to my email. Thanks.",Medium,Open,Web Portal
TCK-10276,David Patel,david.patel58@example.com,Login Problem,Biometric Face ID login failed on my iOS device and now asking for a master PIN that I never configured during initial setup. Thanks.,Medium,Open,Mobile App
TCK-11211,Rahul Rodriguez,rahul.rodriguez23@example.com,Product Complaint,"Dear Customer Service, The software license key printed on the inside card says 'Already Redeemed by another user'. I bought this brand new sealed. Looking forward to your prompt response.",Medium,Pending Customer,Live Chat
TCK-11550,Nikhil Lee,nikhil.lee23@example.com,Delivery Issue,"Hi Support Team, Delivery address was updated to my new apartment, but the package was dispatched to my old address in another city. This is very frustrating.",Medium,Resolved,Live Chat
TCK-10405,Casey Tanaka,casey.tanaka43@example.com,Order Status,Help needed: Can you please provide the latest tracking status for my order #852237? Placed it 6 days ago and haven't received any dispatch email.,Medium,In Progress,Email
TCK-10256,Chris Martinez,chris.martinez13@example.com,Login Problem,"Good day, Password requirements page won't accept my 16-character secure passphrase, stating it contains illegal characters.",Medium,Pending Customer,Email
TCK-11563,Casey Johnson,casey.johnson93@example.com,Delivery Issue,"The delivery status has said 'Out for Delivery' for three consecutive days from 8 AM to 9 PM, but driver never shows up. Thank you!",Low,Pending Customer,Web Portal
TCK-11195,Morgan Singh,morgan.singh62@example.com,Account Issue,"Hi Support Team, How can I merge two accounts created under different email addresses so all my purchased licenses are under one master profile? This is very frustrating.",High,In Progress,Web Portal
TCK-10775,Emma Johnson,emma.johnson99@example.com,Refund Request,"Dear Customer Service, How long does it take for a refund to show on a Visa debit card? Your support agent said 3-5 business days, but today is day 9. Please help me resolve this ASAP.",Critical,Resolved,Mobile App
TCK-10958,Casey Wang,casey.wang37@example.com,Technical Support,"Dear Customer Service, The printer driver integration fails to render barcodes correctly, printing fuzzy unreadable lines instead of 2D data matrix. This is very frustrating.",Medium,Pending Customer,Web Portal
TCK-11066,Alex Rodriguez,alex.rodriguez60@example.com,Account Issue,"Hey, My student discount verification was approved by SheerID, but my subscription billing still shows standard commercial price. Thanks.",Medium,In Progress,Email
TCK-10649,Michael Gupta,michael.gupta15@example.com,Refund Request,"Help needed: Refund status says 'Completed' in my portal, but my bank statement shows zero incoming transfers. Please share the ARN / bank reference number. Kindly advise.",Low,Open,Mobile App
TCK-10133,David Miller,david.miller92@example.com,Payment Issue,Urgent: I received an unexpected transaction alert of $318.00 from your company that I did not authorize. Please investigate this billing error.,High,Resolved,Mobile App
TCK-11462,Alexander Wang,alexander.wang66@example.com,Delivery Issue,"Hey, Signature was required for this high-value laptop delivery, yet the carrier signed on my behalf with fake initials and dumped it. Let me know how to proceed.",Medium,In Progress,Mobile App
TCK-11510,Sophia Brown,sophia.brown76@example.com,Delivery Issue,"Help needed: The delivery status has said 'Out for Delivery' for three consecutive days from 8 AM to 9 PM, but driver never shows up. Looking forward to your prompt response.",Medium,In Progress,Web Portal
TCK-10207,Pat Johnson,pat.johnson32@example.com,Login Problem,"Hey, Unable to sign in on Chrome desktop browser. Clearing cookies and cache did not help, getting 'Error 401 Unauthorized'.",High,Open,Email
TCK-11011,Emma Martinez,emma.martinez63@example.com,Account Issue,Urgent: I would like to permanently delete my account and erase all associated personal data in accordance with GDPR regulations. Let me know how to proceed.,Critical,Resolved,Live Chat
TCK-11255,Michael Brown,michael.brown43@example.com,Product Complaint,"Hi Support Team, You sent me the wrong color! I ordered Midnight Blue, but you shipped bright yellow. I need the correct item sent ASAP.",Critical,Pending Customer,Live Chat
TCK-10924,David Lee,david.lee60@example.com,Technical Support,"After the latest firmware v2.4.1 update, the smart hub disconnects from Wi-Fi every 15 minutes and requires a manual power cycle. Let me know how to proceed.",Low,In Progress,Live Chat
TCK-10163,Ethan Lee,ethan.lee24@example.com,Payment Issue,"Hey, My payment failed during checkout using my Discover card, but money got deducted from my bank account. Order ID: #185045. Kindly advise.",Medium,In Progress,Live Chat
TCK-10182,Michael Brown,michael.brown56@example.com,Payment Issue,"Urgent: My payment failed during checkout using my Debit card, but money got deducted from my bank account. Order ID: #519221. Let me know how to proceed.",Critical,Open,Live Chat
TCK-11152,Neha Johnson,neha.johnson50@example.com,Account Issue,To whom it may concern: Please transfer ownership of our company team account to our new operations director email address. Let me know how to proceed.,Low,Pending Customer,Mobile App
TCK-10296,Alexander Tanaka,alexander.tanaka67@example.com,Login Problem,"When I try to login from my home office IP address, it flags 'Suspicious login detected' and blocks my access completely. Appreciate your quick assistance.",Low,Resolved,Email
TCK-11128,Sophia Garcia,sophia.garcia76@example.com,Account Issue,"Help needed: Our team seat count is capped at 5, but our invoice shows 10 active licenses. Please audit our user seats and adjust the billing tier. Thanks.",Medium,Open,Live Chat
TCK-10546,Morgan Verma,morgan.verma79@example.com,Order Status,"Hi Support Team, The tracking dashboard says 'Exception: Delay due to weather conditions'. How many days of delay should I anticipate? This is very frustrating.",Medium,Open,Live Chat
TCK-10480,Jordan Williams,jordan.williams27@example.com,Order Status,"Hello, Order status shows 'In Transit' for the last 10 days with no location scans since leaving the regional sorting hub. Kindly advise.",Low,Pending Customer,Email
TCK-10151,Alexander Miller,alexander.miller39@example.com,Payment Issue,"Hi Support Team, Why is my debit card being declined at the payment screen? There are sufficient funds available and my bank says the merchant gateway is rejecting it. Appreciate your quick assistance.",Medium,Open,Live Chat
TCK-11150,Chris Miller,chris.miller28@example.com,Account Issue,"Hello, My student discount verification was approved by SheerID, but my subscription billing still shows standard commercial price.",Low,Open,Mobile App
TCK-11476,Alex Miller,alex.miller56@example.com,Delivery Issue,"Hi Support Team, The delivery status has said 'Out for Delivery' for three consecutive days from 8 AM to 9 PM, but driver never shows up. Thanks.",Medium,Pending Customer,Live Chat
TCK-11547,Taylor Verma,taylor.verma86@example.com,Delivery Issue,"Urgent: Estimated delivery date has changed 4 times this week. First Monday, then Wednesday, now next week. Highly unreliable service. This is very frustrating.",High,Resolved,Mobile App
TCK-10105,Neha Jones,neha.jones52@example.com,Payment Issue,Urgent: I received an unexpected transaction alert of $190.99 from your company that I did not authorize. Please investigate this billing error. Thanks.,High,In Progress,Web Portal
TCK-10229,Taylor Miller,taylor.miller12@example.com,Login Problem,Help needed: Biometric Face ID login failed on my iOS device and now asking for a master PIN that I never configured during initial setup. Thank you!,High,Pending Customer,Live Chat
TCK-10698,Aarav Johnson,aarav.johnson22@example.com,Refund Request,"Hey, I cancelled order #324557 within 30 minutes of placing it. Please confirm when the refund will reflect in my bank account. Appreciate your quick assistance.",Low,Open,Mobile App
TCK-10150,Michael Sharma,michael.sharma44@example.com,Payment Issue,Urgent: Why is my debit card being declined at the payment screen? There are sufficient funds available and my bank says the merchant gateway is rejecting it. Thanks.,Critical,Resolved,Email
TCK-10302,Riley Brown,riley.brown14@example.com,Login Problem,Single Sign-On (SSO) via Google returns an error 'OAuth2 callback failed: 403 Forbidden'. Unable to access my dashboard. Let me know how to proceed.,Medium,Open,Email
TCK-10166,Taylor Verma,taylor.verma13@example.com,Payment Issue,"Hi Support Team, Payment verification OTP is never delivered to my registered phone number during 3D Secure authentication. Payment times out every time. Looking forward to your prompt response.",Medium,Open,Email
TCK-10751,Jordan Sharma,jordan.sharma46@example.com,Refund Request,To whom it may concern: Overcharged by $583.99 due to recurring billing glitch after account cancellation. Please reverse and refund this immediately. Appreciate your quick assistance.,High,Resolved,Live Chat
TCK-11388,Isabella Brown,isabella.brown18@example.com,Product Complaint,"Help needed: The wireless earbuds have terrible battery life, dying in less than 45 minutes instead of the advertised 8 hours of playback. Thank you!",Medium,Pending Customer,Web Portal
TCK-11530,Chris Tanaka,chris.tanaka79@example.com,Delivery Issue,"Hi Support Team, My delivery is delayed by over 6 business days with zero explanations from the courier service. Placed order #456004. Appreciate your quick assistance.",Medium,Open,Email
TCK-11493,Nikhil Johnson,nikhil.johnson34@example.com,Delivery Issue,"Good day, Estimated delivery date has changed 4 times this week. First Monday, then Wednesday, now next week. Highly unreliable service. Let me know how to proceed.",Medium,Pending Customer,Web Portal
TCK-11466,Chris Jones,chris.jones85@example.com,Delivery Issue,"Urgent: Courier marked my package as 'Delivered to resident', but no one was home and there is no package on the porch or with neighbors. Appreciate your quick assistance.",High,Open,Live Chat
TCK-11470,Mia Martinez,mia.martinez74@example.com,Delivery Issue,"Good day, Estimated delivery date has changed 4 times this week. First Monday, then Wednesday, now next week. Highly unreliable service. Thank you!",Medium,Open,Email
TCK-11367,Chris Williams,chris.williams73@example.com,Product Complaint,"Hey, The zipper on this leather backpack broke off on day two of use. This is unacceptable for a luxury price product. Thank you!",Medium,In Progress,Web Portal
TCK-11333,Casey Davis,casey.davis69@example.com,Product Complaint,"Hello, Product description claimed this monitor has built-in speakers and HDR support, but the unit received lacks both features entirely.",Medium,Open,Live Chat
TCK-11132,Charlotte Miller,charlotte.miller39@example.com,Account Issue,"Hi Support Team, Please help me update the legal company name and tax ID (VAT number) on our corporate subscription account. Thank you!",Low,Open,Mobile App
TCK-10454,Sam Sharma,sam.sharma96@example.com,Order Status,"Hi Support Team, Can you send me the invoice and live GPS tracking link for order #944449 placed under my business account? Thanks.",Medium,Pending Customer,Email
TCK-10978,Morgan Chen,morgan.chen32@example.com,Technical Support,"Good day, Audio output does not work during video conferences on the web app. Microphone input is detected, but remote audio is silent. Thanks.",Medium,Resolved,Live Chat
TCK-10774,Olivia Davis,olivia.davis25@example.com,Refund Request,"Dear Customer Service, The return courier picked up the parcel from my doorstep on Monday. Kindly initiate the refund to my original payment source. Looking forward to your prompt response.",Low,Resolved,Live Chat
TCK-10410,Morgan Sharma,morgan.sharma49@example.com,Order Status,"Hey, Order status shows 'In Transit' for the last 10 days with no location scans since leaving the regional sorting hub. Looking forward to your prompt response.",Medium,In Progress,Live Chat
TCK-10532,Charlotte Brown,charlotte.brown77@example.com,Order Status,To whom it may concern: Is there any update on the backordered item in order #296212? It has been 2 weeks since the expected restock date. Looking forward to your prompt response.,Low,Pending Customer,Live Chat
TCK-11582,Rahul Gupta,rahul.gupta32@example.com,Delivery Issue,To whom it may concern: Courier says delivery address is 'Incomplete / Missing Apt Number' even though my order confirmation shows complete details.,Low,Resolved,Live Chat
TCK-10439,Amelia Martinez,amelia.martinez29@example.com,Order Status,"Hi Support Team, Is there any update on the backordered item in order #101599? It has been 2 weeks since the expected restock date. Please help me resolve this ASAP.",High,Resolved,Web Portal
TCK-10331,Morgan Wang,morgan.wang58@example.com,Login Problem,"Good day, I changed my registered email address last week, and now neither the old nor the new email is recognized by the login system. Kindly advise.",Medium,Open,Email
TCK-11352,Ananya Wang,ananya.wang40@example.com,Product Complaint,"Hey, The zipper on this leather backpack broke off on day two of use. This is unacceptable for a luxury price product. Thanks.",Low,Resolved,Web Portal
TCK-11078,Daniel Martinez,daniel.martinez81@example.com,Account Issue,"Dear Customer Service, Our team seat count is capped at 5, but our invoice shows 10 active licenses. Please audit our user seats and adjust the billing tier. Please help me resolve this ASAP.",High,Resolved,Mobile App
TCK-11508,Priya Verma,priya.verma71@example.com,Delivery Issue,"Hey, My delivery is delayed by over 6 business days with zero explanations from the courier service. Placed order #430120. Appreciate your quick assistance.",High,Resolved,Email
TCK-11321,Mia Patel,mia.patel47@example.com,Product Complaint,"Hello, The camera lens has internal dust particles sealed beneath the glass element which blurs every photo taken. Let me know how to proceed.",Medium,Open,Mobile App
TCK-10084,Avery Lee,avery.lee58@example.com,Payment Issue,Help needed: Attempting to pay via PayPal gives error code PAY_9021. The payment processing loop just hangs without confirmation. Let me know how to proceed.,Medium,Resolved,Email
TCK-10882,Avery Chen,avery.chen57@example.com,Technical Support,"Hi Support Team, Exported CSV files have corrupted text formatting and broken UTF-8 encoding for international non-English characters. Thank you!",Medium,In Progress,Mobile App
TCK-11522,Mia Lee,mia.lee43@example.com,Delivery Issue,"Hello, The courier tracking shows 'Returned to Sender - Recipient Not Found' without making any delivery attempt or phone call. Please help me resolve this ASAP.",Critical,Open,Live Chat
TCK-10357,Amelia Miller,amelia.miller88@example.com,Login Problem,"Help needed: The mobile app keeps logging me out every 2 minutes. When I attempt to re-login, the login button spins continuously without responding. Looking forward to your prompt response.",Medium,In Progress,Live Chat
TCK-10376,Rahul Gupta,rahul.gupta95@example.com,Login Problem,"I clicked 'Forgot Password' multiple times, but the password reset link email never arrives in my inbox or spam folder. Please help me resolve this ASAP.",Critical,Pending Customer,Mobile App
TCK-11261,William Brown,william.brown45@example.com,Product Complaint,"Hey, One of the dining table legs is two inches shorter than the others, making the table wobble violently. Defective manufacturing. Kindly advise.",Medium,Open,Mobile App
TCK-10117,Neha Verma,neha.verma16@example.com,Payment Issue,"Hello, You charged me an extra $41.00 processing fee which was not shown on the checkout summary page. I need this rectified. Please help me resolve this ASAP.",High,Resolved,Email
TCK-10317,Amelia Jones,amelia.jones70@example.com,Login Problem,"Hello, The mobile app keeps logging me out every 2 minutes. When I attempt to re-login, the login button spins continuously without responding. Kindly advise.",Low,Pending Customer,Live Chat
TCK-11546,Taylor Martinez,taylor.martinez55@example.com,Delivery Issue,"Urgent: The courier attempted delivery at 6:30 AM without ringing the doorbell, left a 'Failed Attempt' slip, and returned it to the depot. This is very frustrating.",High,Pending Customer,Live Chat
TCK-10561,Casey Brown,casey.brown45@example.com,Order Status,I never received an order confirmation email with my tracking number for the purchase made yesterday evening. Card was charged. Let me know how to proceed.,Low,Pending Customer,Mobile App
TCK-11581,Morgan Martinez,morgan.martinez98@example.com,Delivery Issue,"Hi Support Team, Signature was required for this high-value laptop delivery, yet the carrier signed on my behalf with fake initials and dumped it. Kindly advise.",Low,Resolved,Mobile App
TCK-11450,Neha Tanaka,neha.tanaka65@example.com,Delivery Issue,"Help needed: Requested weekend delivery when placing order #738159, but carrier attempted delivery on Wednesday during work hours. Let me know how to proceed.",Medium,Open,Mobile App
TCK-10003,Isabella Martinez,isabella.martinez87@example.com,Payment Issue,"Dear Customer Service, I used a promo coupon code offering $30 discount, but my final invoice charged the full price without the promotional deduction. Please help me resolve this ASAP.",Critical,Resolved,Live Chat
TCK-10542,Isabella Garcia,isabella.garcia79@example.com,Order Status,"Hi Support Team, Where is my package for order #993947? The courier tracking shows 'Manifest Created' but carrier has not picked it up.",Low,Resolved,Web Portal
TCK-10080,Priya Gupta,priya.gupta33@example.com,Payment Issue,"Hey, Bank statement shows two identical deductions of $60.99 dated yesterday for the same order #102749. Kindly refund the extra deduction. Let me know how to proceed.",Medium,Open,Live Chat
TCK-11331,Daniel Davis,daniel.davis65@example.com,Product Complaint,To whom it may concern: The size chart provided on your website is completely inaccurate. The XL shirt fits like a small medium. Requesting an exchange. Let me know how to proceed.,Low,Pending Customer,Mobile App
TCK-10478,Avery Gupta,avery.gupta29@example.com,Order Status,Urgent: Can you please provide the latest tracking status for my order #545382? Placed it 6 days ago and haven't received any dispatch email.,Critical,In Progress,Email
TCK-10241,Amelia Garcia,amelia.garcia44@example.com,Login Problem,"Hello, When I try to login from my home office IP address, it flags 'Suspicious login detected' and blocks my access completely. Thanks.",Medium,Resolved,Mobile App
TCK-10554,Sam Martinez,sam.martinez74@example.com,Order Status,"Good day, My order status abruptly changed from 'Shipped' back to 'On Hold'. What is the reason for this hold? Let me know how to proceed.",Medium,Resolved,Email
TCK-10907,James Miller,james.miller49@example.com,Technical Support,"Hello, SSL certificate on your webhook callback domain appears to have expired yesterday, causing all our automated background jobs to fail. Please help me resolve this ASAP.",High,Open,Live Chat
TCK-10802,Casey Martinez,casey.martinez79@example.com,Technical Support,"Good day, Getting HTTP 500 Internal Server Error whenever I click on the 'Export PDF Report' button in the dashboard analytics module. Thank you!",Medium,In Progress,Mobile App
TCK-11405,Sam Jones,sam.jones93@example.com,Delivery Issue,"Hey, The delivery driver literally threw the heavy parcel over my high front fence, denting the outer shipping box. This is very frustrating.",Medium,Open,Web Portal
TCK-10239,James Smith,james.smith52@example.com,Login Problem,"Dear Customer Service, When I try to login from my home office IP address, it flags 'Suspicious login detected' and blocks my access completely. Kindly advise.",Low,Pending Customer,Live Chat
TCK-10623,Rahul Wang,rahul.wang12@example.com,Refund Request,"I was promised a full refund of $776.00 due to defective parts, but you only credited a partial amount of $25. Please refund the remainder. Please help me resolve this ASAP.",Critical,In Progress,Web Portal
TCK-10927,Casey Gupta,casey.gupta23@example.com,Technical Support,WebSocket connection drops repeatedly with code 1006. Reconnection attempts cause UI lag and high CPU consumption. Kindly advise.,Low,Pending Customer,Web Portal
TCK-11374,Emma Martinez,emma.martinez60@example.com,Product Complaint,"Good day, You sent me the wrong color! I ordered Midnight Blue, but you shipped bright yellow. I need the correct item sent ASAP. Kindly advise.",High,In Progress,Web Portal
TCK-10567,Olivia Lee,olivia.lee26@example.com,Order Status,"Hi Support Team, My order status abruptly changed from 'Shipped' back to 'On Hold'. What is the reason for this hold? Appreciate your quick assistance.",Medium,Pending Customer,Web Portal
TCK-10407,Michael Wang,michael.wang19@example.com,Order Status,To whom it may concern: Order status shows 'In Transit' for the last 10 days with no location scans since leaving the regional sorting hub. Appreciate your quick assistance.,Low,Open,Mobile App
TCK-10684,Alexander Verma,alexander.verma36@example.com,Refund Request,"Hello, The flight ticket was cancelled due to schedule changes by your airline partner. I demand a prompt 100% cash refund. Thanks.",Medium,Open,Mobile App
TCK-10008,Morgan Johnson,morgan.johnson16@example.com,Payment Issue,"Hi Support Team, I was charged twice on my credit card for order #163560. Please check your billing system and reverse the duplicate $438.75 charge immediately. Appreciate your quick assistance.",High,Pending Customer,Web Portal
TCK-11590,Casey Williams,casey.williams13@example.com,Delivery Issue,"To whom it may concern: The courier attempted delivery at 6:30 AM without ringing the doorbell, left a 'Failed Attempt' slip, and returned it to the depot. Looking forward to your prompt response.",High,Open,Email
TCK-11575,Neha Tanaka,neha.tanaka98@example.com,Delivery Issue,"Dear Customer Service, The delivery driver literally threw the heavy parcel over my high front fence, denting the outer shipping box. Looking forward to your prompt response.",Low,Pending Customer,Live Chat
TCK-11594,Taylor Singh,taylor.singh39@example.com,Delivery Issue,"Help needed: The delivery driver literally threw the heavy parcel over my high front fence, denting the outer shipping box. Thank you!",Medium,In Progress,Live Chat
TCK-10839,Rahul Williams,rahul.williams11@example.com,Technical Support,Our developers are unable to integrate the Webhook endpoint. Incoming POST payloads are missing the signature verification header. Looking forward to your prompt response.,Medium,Resolved,Live Chat
TCK-11395,Sophia Davis,sophia.davis98@example.com,Product Complaint,"Hi Support Team, The material of this winter coat is extremely cheap and thin, completely different from what was advertised in your product photos. Please help me resolve this ASAP.",High,Pending Customer,Web Portal
TCK-10897,Chris Gupta,chris.gupta61@example.com,Technical Support,"Hello, SSL certificate on your webhook callback domain appears to have expired yesterday, causing all our automated background jobs to fail. Thank you!",Low,In Progress,Web Portal
TCK-11230,James Wang,james.wang33@example.com,Product Complaint,Help needed: The non-stick frying pan coating began peeling and flaking into food after just three gentle hand-wash cleanings. Thank you!,Medium,Resolved,Email
TCK-11170,Alex Martinez,alex.martinez52@example.com,Account Issue,"Hello, We are receiving marketing emails and promotional newsletters even though all communication preferences are disabled in my profile. Thanks.",Medium,Open,Email
TCK-10510,Emma Jones,emma.jones37@example.com,Order Status,"Hello, I need to check the delivery timeline for purchase #841220. Will it reach before Friday as I am traveling out of state?",Low,Open,Live Chat
TCK-10073,Riley Tanaka,riley.tanaka80@example.com,Payment Issue,Attempting to pay via PayPal gives error code PAY_9021. The payment processing loop just hangs without confirmation. Let me know how to proceed.,Low,Pending Customer,Web Portal
TCK-10599,Alexander Lee,alexander.lee54@example.com,Order Status,"Hey, My order status abruptly changed from 'Shipped' back to 'On Hold'. What is the reason for this hold? Appreciate your quick assistance.",Low,In Progress,Email
TCK-11022,Neha Martinez,neha.martinez69@example.com,Account Issue,"Hello, My account profile picture and username will not update. It says 'Profile updated successfully', but old details remain. Let me know how to proceed.",Medium,In Progress,Mobile App
TCK-10730,Olivia Tanaka,olivia.tanaka42@example.com,Refund Request,"Urgent: Requested a refund 2 weeks ago for order #327929. Still waiting. If not processed today, I will have to file a credit card chargeback. Kindly advise.",Critical,Pending Customer,Mobile App
TCK-10530,Daniel Wang,daniel.wang41@example.com,Order Status,"Good day, Order #631867 has been stuck on 'Processing in Warehouse' for over a week. When will it actually ship out? Let me know how to proceed.",Low,Resolved,Web Portal
TCK-10124,James Gupta,james.gupta70@example.com,Payment Issue,"Payment went through and I have bank reference #REF-17990, but the cart still says 'Awaiting Payment' and did not issue an order receipt. Looking forward to your prompt response.",Low,Pending Customer,Live Chat
TCK-10549,Riley Lee,riley.lee41@example.com,Order Status,"Good day, Order status shows 'In Transit' for the last 10 days with no location scans since leaving the regional sorting hub. Thanks.",Low,Resolved,Mobile App
TCK-10790,David Martinez,david.martinez13@example.com,Refund Request,"Dear Customer Service, Overcharged by $364.00 due to recurring billing glitch after account cancellation. Please reverse and refund this immediately. Appreciate your quick assistance.",High,Resolved,Web Portal
TCK-10231,Neha Singh,neha.singh20@example.com,Login Problem,"Hey, I cannot log into my account. When I submit my password, the screen displays 'Invalid Credentials' even though I just reset it. Kindly advise.",Medium,In Progress,Live Chat
TCK-11573,Neha Miller,neha.miller65@example.com,Delivery Issue,"Hi Support Team, The delivery driver literally threw the heavy parcel over my high front fence, denting the outer shipping box. Please help me resolve this ASAP.",Critical,Open,Email
TCK-11368,Daniel Chen,daniel.chen17@example.com,Product Complaint,"Good day, Product description claimed this monitor has built-in speakers and HDR support, but the unit received lacks both features entirely. Let me know how to proceed.",Low,Pending Customer,Web Portal
TCK-11129,Alexander Jones,alexander.jones81@example.com,Account Issue,"Hey, Unable to modify my shipping address in saved profile settings. The 'Save Address' button stays greyed out. Thank you!",Medium,In Progress,Mobile App
TCK-11280,Sophia Gupta,sophia.gupta11@example.com,Product Complaint,"Hello, The material of this winter coat is extremely cheap and thin, completely different from what was advertised in your product photos. Let me know how to proceed.",Low,Open,Mobile App
TCK-10052,Charlotte Garcia,charlotte.garcia20@example.com,Payment Issue,"Dear Customer Service, Payment went through and I have bank reference #REF-52508, but the cart still says 'Awaiting Payment' and did not issue an order receipt. Let me know how to proceed.",Medium,Resolved,Live Chat
TCK-11283,Morgan Kim,morgan.kim76@example.com,Product Complaint,Help needed: The size chart provided on your website is completely inaccurate. The XL shirt fits like a small medium. Requesting an exchange. Thanks.,Low,Pending Customer,Mobile App
TCK-10359,Rahul Martinez,rahul.martinez14@example.com,Login Problem,"Urgent: Unable to sign in on Chrome desktop browser. Clearing cookies and cache did not help, getting 'Error 401 Unauthorized'. Kindly advise.",High,Open,Email
TCK-10203,Avery Singh,avery.singh95@example.com,Login Problem,"Hi Support Team, The mobile app keeps logging me out every 2 minutes. When I attempt to re-login, the login button spins continuously without responding. Thanks.",Medium,In Progress,Web Portal
TCK-11080,Avery Tanaka,avery.tanaka76@example.com,Account Issue,"Good day, I accidentally created two duplicate profiles for the same customer. Can your support team merge their loyalty points? Looking forward to your prompt response.",Low,In Progress,Mobile App
TCK-11023,Ethan Singh,ethan.singh16@example.com,Account Issue,Urgent: I accidentally created two duplicate profiles for the same customer. Can your support team merge their loyalty points? Thank you!,Critical,In Progress,Web Portal
TCK-11196,Amelia Davis,amelia.davis66@example.com,Account Issue,"Hi Support Team, My student discount verification was approved by SheerID, but my subscription billing still shows standard commercial price. Let me know how to proceed.",Low,Resolved,Email
TCK-10139,Michael Wang,michael.wang11@example.com,Payment Issue,I cannot add my new credit card in the billing settings. It shows 'Tokenization Failed - invalid CVV' even though CVV is completely correct. Appreciate your quick assistance.,High,Pending Customer,Mobile App
TCK-10222,Morgan Lee,morgan.lee76@example.com,Login Problem,"Good day, The CAPTCHA on the login page does not load, leaving a blank square. Because of this, the login button remains disabled. Please help me resolve this ASAP.",Critical,Pending Customer,Web Portal
TCK-10314,Olivia Johnson,olivia.johnson74@example.com,Login Problem,"To whom it may concern: The CAPTCHA on the login page does not load, leaving a blank square. Because of this, the login button remains disabled. Please help me resolve this ASAP.",High,Resolved,Mobile App
TCK-10973,Jordan Tanaka,jordan.tanaka96@example.com,Technical Support,"Help needed: Audio output does not work during video conferences on the web app. Microphone input is detected, but remote audio is silent.",Low,Resolved,Mobile App
TCK-10170,Isabella Sharma,isabella.sharma60@example.com,Payment Issue,To whom it may concern: I cannot add my new credit card in the billing settings. It shows 'Tokenization Failed - invalid CVV' even though CVV is completely correct. Appreciate your quick assistance.,High,Open,Mobile App
TCK-11409,Chris Singh,chris.singh55@example.com,Delivery Issue,"Hi Support Team, Package is held at customs clearance depot for 8 days because the shipping invoice documentation was missing from the parcel. Appreciate your quick assistance.",Low,Resolved,Web Portal
TCK-11164,Avery Garcia,avery.garcia31@example.com,Account Issue,"Hi Support Team, Unable to modify my shipping address in saved profile settings. The 'Save Address' button stays greyed out.",Medium,In Progress,Live Chat
TCK-10983,Morgan Johnson,morgan.johnson51@example.com,Technical Support,"Hello, Our developers are unable to integrate the Webhook endpoint. Incoming POST payloads are missing the signature verification header.",Low,Open,Email
TCK-11202,Avery Chen,avery.chen50@example.com,Product Complaint,Help needed: Missing essential accessories: the package did not include the power charging adapter and USB cable specified on the box. Let me know how to proceed.,Low,Open,Live Chat
TCK-10344,Olivia Chen,olivia.chen80@example.com,Login Problem,"To whom it may concern: I clicked 'Forgot Password' multiple times, but the password reset link email never arrives in my inbox or spam folder. This is very frustrating.",Medium,Resolved,Web Portal
TCK-10353,Pat Kim,pat.kim57@example.com,Login Problem,Help needed: Single Sign-On (SSO) via Google returns an error 'OAuth2 callback failed: 403 Forbidden'. Unable to access my dashboard. Thanks.,High,In Progress,Mobile App
TCK-10707,Ananya Patel,ananya.patel28@example.com,Refund Request,Urgent: The flight ticket was cancelled due to schedule changes by your airline partner. I demand a prompt 100% cash refund. Thanks.,Critical,In Progress,Email
TCK-10639,Alexander Smith,alexander.smith89@example.com,Refund Request,"Hey, The flight ticket was cancelled due to schedule changes by your airline partner. I demand a prompt 100% cash refund. Looking forward to your prompt response.",Low,Resolved,Web Portal
TCK-11583,Amelia Brown,amelia.brown34@example.com,Delivery Issue,Package is held at customs clearance depot for 8 days because the shipping invoice documentation was missing from the parcel. Thank you!,Low,Pending Customer,Web Portal
TCK-11087,Charlotte Smith,charlotte.smith22@example.com,Account Issue,"Dear Customer Service, Please help me update the legal company name and tax ID (VAT number) on our corporate subscription account. Thanks.",Medium,Resolved,Live Chat
TCK-11226,Rahul Johnson,rahul.johnson91@example.com,Product Complaint,"Good day, You sent me the wrong color! I ordered Midnight Blue, but you shipped bright yellow. I need the correct item sent ASAP. Thanks.",High,Pending Customer,Email
TCK-11468,Pat Sharma,pat.sharma32@example.com,Delivery Issue,"Hey, Delivery address was updated to my new apartment, but the package was dispatched to my old address in another city. This is very frustrating.",Medium,Pending Customer,Live Chat
TCK-10572,Alex Chen,alex.chen42@example.com,Order Status,"Hello, Order #157211 is shown as 'Preparing for dispatch' since Monday. Customer care bot is not providing meaningful updates.",Low,In Progress,Email
TCK-11380,Alexander Gupta,alexander.gupta42@example.com,Product Complaint,"Hi Support Team, The blender motor started smoking and smelled like burning plastic on its very first usage at normal speed setting. Dangerous hazard. Let me know how to proceed.",High,Pending Customer,Web Portal
TCK-10399,Ananya Rodriguez,ananya.rodriguez25@example.com,Login Problem,"Hey, My account says 'Account Temporarily Locked due to too many failed attempts'. How do I unlock it? I need access for my work urgently. Kindly advise.",Critical,In Progress,Mobile App
TCK-10672,Mia Kim,mia.kim95@example.com,Refund Request,"Hello, I cancelled order #445916 within 30 minutes of placing it. Please confirm when the refund will reflect in my bank account. Let me know how to proceed.",Medium,Resolved,Email
TCK-11064,Sophia Wang,sophia.wang42@example.com,Account Issue,To whom it may concern: I accidentally created two duplicate profiles for the same customer. Can your support team merge their loyalty points? Thank you!,Medium,In Progress,Web Portal
TCK-11434,Sophia Martinez,sophia.martinez32@example.com,Delivery Issue,"Dear Customer Service, Estimated delivery date has changed 4 times this week. First Monday, then Wednesday, now next week. Highly unreliable service. Thank you!",Low,In Progress,Email
TCK-10495,Daniel Singh,daniel.singh83@example.com,Order Status,"Hi Support Team, I ordered three items under order #131813, but received only one small parcel today. Are the remaining two items shipping separately? Let me know how to proceed.",Medium,Open,Web Portal
TCK-10447,Ethan Johnson,ethan.johnson20@example.com,Order Status,"Hey, The tracking link provided in your email opens a blank page with error 'Tracking number not recognized by carrier'. Order #352219. Thank you!",Low,Resolved,Live Chat
TCK-10297,Nikhil Sharma,nikhil.sharma49@example.com,Login Problem,"I changed my registered email address last week, and now neither the old nor the new email is recognized by the login system. This is very frustrating.",High,In Progress,Live Chat
TCK-11561,Morgan Jones,morgan.jones24@example.com,Delivery Issue,"Good day, Estimated delivery date has changed 4 times this week. First Monday, then Wednesday, now next week. Highly unreliable service. Let me know how to proceed.",Medium,Open,Email
TCK-11193,Ananya Jones,ananya.jones46@example.com,Account Issue,"Dear Customer Service, I upgraded my plan from Basic to Pro, but my account dashboard is still displaying Basic tier limits and restrictions. Appreciate your quick assistance.",Medium,In Progress,Mobile App
TCK-10614,Rahul Jones,rahul.jones72@example.com,Refund Request,"Hey, Received defective electronic headphones. I don't want a replacement, I strictly request a full refund to my original card. Appreciate your quick assistance.",Medium,Pending Customer,Web Portal
TCK-11406,James Gupta,james.gupta61@example.com,Delivery Issue,"Urgent: Requested weekend delivery when placing order #710214, but carrier attempted delivery on Wednesday during work hours.",Critical,In Progress,Mobile App
TCK-10413,Priya Kim,priya.kim89@example.com,Order Status,"Dear Customer Service, Can you send me the invoice and live GPS tracking link for order #425802 placed under my business account? Thanks.",Low,Open,Web Portal
TCK-10632,Morgan Chen,morgan.chen86@example.com,Refund Request,"To whom it may concern: Requested a refund 2 weeks ago for order #893043. Still waiting. If not processed today, I will have to file a credit card chargeback. Let me know how to proceed.",High,Pending Customer,Mobile App
TCK-10780,Ethan Brown,ethan.brown89@example.com,Refund Request,"Hi Support Team, How long does it take for a refund to show on a Visa debit card? Your support agent said 3-5 business days, but today is day 9. Let me know how to proceed.",Low,In Progress,Web Portal
TCK-10485,Pat Johnson,pat.johnson36@example.com,Order Status,Urgent: Can you send me the invoice and live GPS tracking link for order #159942 placed under my business account?,Critical,In Progress,Web Portal
TCK-10745,Alexander Tanaka,alexander.tanaka13@example.com,Refund Request,Urgent: Can I get a refund back to my original payment method? I have already shipped the return item. Let me know how to proceed.,High,In Progress,Mobile App
TCK-10095,Priya Kim,priya.kim47@example.com,Payment Issue,Urgent: You charged me an extra $789.75 processing fee which was not shown on the checkout summary page. I need this rectified. Please help me resolve this ASAP.,Critical,Pending Customer,Live Chat
TCK-10005,William Miller,william.miller53@example.com,Payment Issue,Urgent: Bank statement shows two identical deductions of $322.00 dated yesterday for the same order #997484. Kindly refund the extra deduction. Appreciate your quick assistance.,High,Open,Live Chat
TCK-10547,Michael Williams,michael.williams68@example.com,Order Status,Is there any update on the backordered item in order #615011? It has been 2 weeks since the expected restock date.,Low,Resolved,Mobile App
TCK-10960,Charlotte Martinez,charlotte.martinez25@example.com,Technical Support,"To whom it may concern: SSL certificate on your webhook callback domain appears to have expired yesterday, causing all our automated background jobs to fail. Thanks.",Low,Pending Customer,Live Chat
TCK-10395,Daniel Wang,daniel.wang64@example.com,Login Problem,"Hey, Single Sign-On (SSO) via Google returns an error 'OAuth2 callback failed: 403 Forbidden'. Unable to access my dashboard. Kindly advise.",High,Pending Customer,Email
TCK-11207,Ananya Wang,ananya.wang64@example.com,Product Complaint,"Good day, The smartphone display screen arrived with multiple visible scratches and a dead pixel in the center. Very poor quality control. Thanks.",Low,Pending Customer,Web Portal
TCK-10098,David Jones,david.jones25@example.com,Payment Issue,"Good day, You charged me an extra $78.50 processing fee which was not shown on the checkout summary page. I need this rectified.",Low,Open,Web Portal
TCK-10374,Alex Brown,alex.brown28@example.com,Login Problem,"I clicked 'Forgot Password' multiple times, but the password reset link email never arrives in my inbox or spam folder. Looking forward to your prompt response.",Medium,In Progress,Mobile App
TCK-10383,William Miller,william.miller52@example.com,Login Problem,"Help needed: The mobile app keeps logging me out every 2 minutes. When I attempt to re-login, the login button spins continuously without responding.",Medium,In Progress,Mobile App
TCK-11487,Priya Lee,priya.lee70@example.com,Delivery Issue,"Dear Customer Service, Package is held at customs clearance depot for 8 days because the shipping invoice documentation was missing from the parcel. Let me know how to proceed.",Low,Pending Customer,Email
TCK-11008,Ethan Verma,ethan.verma74@example.com,Account Issue,"Help needed: My student discount verification was approved by SheerID, but my subscription billing still shows standard commercial price. Appreciate your quick assistance.",Medium,Resolved,Mobile App
TCK-10212,Nikhil Williams,nikhil.williams58@example.com,Login Problem,"Good day, I clicked 'Forgot Password' multiple times, but the password reset link email never arrives in my inbox or spam folder. Appreciate your quick assistance.",Low,Resolved,Email
TCK-11262,Ananya Garcia,ananya.garcia17@example.com,Product Complaint,Help needed: The software license key printed on the inside card says 'Already Redeemed by another user'. I bought this brand new sealed. Please help me resolve this ASAP.,High,In Progress,Email
TCK-10946,Jordan Lee,jordan.lee34@example.com,Technical Support,Urgent: The desktop application crashes immediately upon opening on macOS Sonoma. Error log mentions 'Segmentation fault at 0x000003'. Let me know how to proceed.,High,Resolved,Email
TCK-10126,Alex Sharma,alex.sharma38@example.com,Payment Issue,To whom it may concern: Why is my debit card being declined at the payment screen? There are sufficient funds available and my bank says the merchant gateway is rejecting it. Thanks.,Low,Resolved,Email
TCK-11227,Riley Patel,riley.patel90@example.com,Product Complaint,Help needed: Missing essential accessories: the package did not include the power charging adapter and USB cable specified on the box. Let me know how to proceed.,Low,In Progress,Web Portal
TCK-11039,Amelia Tanaka,amelia.tanaka35@example.com,Account Issue,Help needed: I would like to permanently delete my account and erase all associated personal data in accordance with GDPR regulations. This is very frustrating.,High,Resolved,Live Chat
TCK-10766,Jordan Smith,jordan.smith17@example.com,Refund Request,Urgent: I want my money back for the defective item I returned last week. Please process the credit immediately. Appreciate your quick assistance.,High,Open,Mobile App
TCK-10941,William Brown,william.brown58@example.com,Technical Support,"Hello, After the latest firmware v2.4.1 update, the smart hub disconnects from Wi-Fi every 15 minutes and requires a manual power cycle. Appreciate your quick assistance.",Medium,Pending Customer,Web Portal
TCK-10496,Olivia Kim,olivia.kim46@example.com,Order Status,To whom it may concern: Is there any update on the backordered item in order #312714? It has been 2 weeks since the expected restock date. Thank you!,Medium,Resolved,Email
TCK-10844,Rahul Smith,rahul.smith58@example.com,Technical Support,Help needed: Exported CSV files have corrupted text formatting and broken UTF-8 encoding for international non-English characters. Thanks.,High,Open,Web Portal
TCK-11047,Mia Wang,mia.wang22@example.com,Account Issue,Urgent: How can I merge two accounts created under different email addresses so all my purchased licenses are under one master profile? Looking forward to your prompt response.,High,Pending Customer,Email
TCK-10398,Emma Martinez,emma.martinez26@example.com,Login Problem,"Urgent: Password requirements page won't accept my 16-character secure passphrase, stating it contains illegal characters. This is very frustrating.",Critical,In Progress,Web Portal
TCK-10898,Ananya Garcia,ananya.garcia57@example.com,Technical Support,"Hi Support Team, The browser extension freezes Chrome tabs when scrolling through large document lists. Need an updated patch or workaround. Thanks.",Low,Open,Mobile App
TCK-10792,Rahul Martinez,rahul.martinez76@example.com,Refund Request,"Good day, I cancelled order #338242 within 30 minutes of placing it. Please confirm when the refund will reflect in my bank account. Kindly advise.",Medium,Open,Web Portal
TCK-10923,Isabella Miller,isabella.miller71@example.com,Technical Support,"Help needed: Audio output does not work during video conferences on the web app. Microphone input is detected, but remote audio is silent. Thanks.",Low,Pending Customer,Email
TCK-10310,James Rodriguez,james.rodriguez84@example.com,Login Problem,"Hello, Single Sign-On (SSO) via Google returns an error 'OAuth2 callback failed: 403 Forbidden'. Unable to access my dashboard. This is very frustrating.",High,In Progress,Email
TCK-11570,Riley Brown,riley.brown15@example.com,Delivery Issue,"To whom it may concern: The delivery status has said 'Out for Delivery' for three consecutive days from 8 AM to 9 PM, but driver never shows up. Thank you!",Medium,Pending Customer,Web Portal
TCK-10338,Amelia Jones,amelia.jones96@example.com,Login Problem,"Hello, I get 'Session expired - please login again' immediately after entering my correct username and password. Infinite loop bug.",High,In Progress,Web Portal
TCK-11072,Emma Singh,emma.singh85@example.com,Account Issue,"Good day, I would like to permanently delete my account and erase all associated personal data in accordance with GDPR regulations. Appreciate your quick assistance.",Medium,Open,Email
TCK-10618,Olivia Wang,olivia.wang45@example.com,Refund Request,Help needed: I returned the damaged jacket 10 days ago (return tracking #REF-28687). When will my refund of $374.00 be processed back to my card? Thank you!,Low,In Progress,Email
TCK-10591,Ananya Jones,ananya.jones84@example.com,Order Status,"Good day, The tracking link provided in your email opens a blank page with error 'Tracking number not recognized by carrier'. Order #679866. This is very frustrating.",Medium,In Progress,Live Chat
TCK-11154,Daniel Sharma,daniel.sharma91@example.com,Account Issue,"Hey, We are receiving marketing emails and promotional newsletters even though all communication preferences are disabled in my profile. Please help me resolve this ASAP.",Critical,Open,Mobile App
TCK-11058,Olivia Martinez,olivia.martinez50@example.com,Account Issue,"Good day, I want to change my account phone number for security verification, but the system prompts me to verify via the old number which is deactivated. Appreciate your quick assistance.",Low,In Progress,Web Portal
TCK-10266,William Chen,william.chen30@example.com,Login Problem,"Hi Support Team, Verification code sent to authenticator app (Google Authenticator) says 'Code expired' every time I type it in. Looking forward to your prompt response.",Medium,Resolved,Mobile App
TCK-10731,Riley Gupta,riley.gupta57@example.com,Refund Request,Urgent: Sent the package back via postal return. Where is my refund? It has been over two weeks. Kindly advise.,High,In Progress,Mobile App
TCK-10193,Ethan Garcia,ethan.garcia86@example.com,Payment Issue,"Dear Customer Service, Why is my debit card being declined at the payment screen? There are sufficient funds available and my bank says the merchant gateway is rejecting it. Appreciate your quick assistance.",Low,Resolved,Mobile App
TCK-10311,Ananya Martinez,ananya.martinez25@example.com,Login Problem,"Dear Customer Service, Single Sign-On (SSO) via Google returns an error 'OAuth2 callback failed: 403 Forbidden'. Unable to access my dashboard. Kindly advise.",Medium,Resolved,Mobile App
TCK-10476,Riley Sharma,riley.sharma81@example.com,Order Status,Checking if order #940055 can still be expedited to express next-day delivery? I am willing to pay the difference. Thanks.,Low,Open,Live Chat
TCK-10209,Pat Lee,pat.lee44@example.com,Login Problem,Urgent: Single Sign-On (SSO) via Google returns an error 'OAuth2 callback failed: 403 Forbidden'. Unable to access my dashboard. Appreciate your quick assistance.,Critical,Open,Web Portal
TCK-10726,Alexander Brown,alexander.brown66@example.com,Refund Request,Help needed: I cancelled order #606608 within 30 minutes of placing it. Please confirm when the refund will reflect in my bank account. Thanks.,Medium,Resolved,Email
TCK-10795,Mia Smith,mia.smith45@example.com,Refund Request,To whom it may concern: I cancelled order #734456 within 30 minutes of placing it. Please confirm when the refund will reflect in my bank account.,Medium,Pending Customer,Mobile App
TCK-10963,Pat Jones,pat.jones94@example.com,Technical Support,"File upload feature fails for files larger than 15MB with 'Payload Too Large' error, despite our plan allowing up to 100MB uploads. Let me know how to proceed.",Low,Open,Mobile App
TCK-10804,Jordan Sharma,jordan.sharma90@example.com,Technical Support,"Dear Customer Service, Search functionality in the app is broken; typing any search query returns an unhandled React error in the browser console. Please help me resolve this ASAP.",High,In Progress,Live Chat
TCK-10637,Priya Jones,priya.jones39@example.com,Refund Request,"Hey, How long does it take for a refund to show on a Visa debit card? Your support agent said 3-5 business days, but today is day 9. Kindly advise.",Medium,In Progress,Live Chat
TCK-11248,Daniel Miller,daniel.miller77@example.com,Product Complaint,Missing essential accessories: the package did not include the power charging adapter and USB cable specified on the box. Thank you!,Low,Resolved,Web Portal
TCK-10068,Aarav Kim,aarav.kim43@example.com,Payment Issue,"To whom it may concern: I used a promo coupon code offering $30 discount, but my final invoice charged the full price without the promotional deduction. Please help me resolve this ASAP.",High,Resolved,Web Portal
TCK-10051,Riley Rodriguez,riley.rodriguez43@example.com,Payment Issue,Urgent: Bank statement shows two identical deductions of $773.25 dated yesterday for the same order #917690. Kindly refund the extra deduction. Please help me resolve this ASAP.,High,Open,Live Chat
TCK-10653,Alex Williams,alex.williams83@example.com,Refund Request,"Dear Customer Service, The return courier picked up the parcel from my doorstep on Monday. Kindly initiate the refund to my original payment source. Looking forward to your prompt response.",Low,In Progress,Live Chat
TCK-10404,Emma Rodriguez,emma.rodriguez90@example.com,Order Status,"Hi Support Team, Can you please provide the latest tracking status for my order #405339? Placed it 6 days ago and haven't received any dispatch email. Looking forward to your prompt response.",Low,Open,Live Chat
TCK-10433,Casey Chen,casey.chen53@example.com,Order Status,"Dear Customer Service, Where is my package for order #436163? The courier tracking shows 'Manifest Created' but carrier has not picked it up.",Low,Open,Web Portal
TCK-11467,Casey Lee,casey.lee60@example.com,Delivery Issue,"Hello, My delivery is delayed by over 6 business days with zero explanations from the courier service. Placed order #258407. Thank you!",Medium,Resolved,Live Chat
TCK-11495,Rahul Tanaka,rahul.tanaka45@example.com,Delivery Issue,"To whom it may concern: Estimated delivery date has changed 4 times this week. First Monday, then Wednesday, now next week. Highly unreliable service. Please help me resolve this ASAP.",High,Pending Customer,Web Portal
TCK-11063,Sophia Gupta,sophia.gupta42@example.com,Account Issue,"Help needed: My account profile picture and username will not update. It says 'Profile updated successfully', but old details remain. Thank you!",Medium,In Progress,Live Chat
TCK-10024,Chris Garcia,chris.garcia93@example.com,Payment Issue,"Hey, Payment verification OTP is never delivered to my registered phone number during 3D Secure authentication. Payment times out every time. Thank you!",Medium,Resolved,Web Portal
TCK-11281,Aarav Singh,aarav.singh95@example.com,Product Complaint,The smartphone display screen arrived with multiple visible scratches and a dead pixel in the center. Very poor quality control. Please help me resolve this ASAP.,High,Pending Customer,Email
TCK-10615,Isabella Gupta,isabella.gupta52@example.com,Refund Request,"Good day, The return courier picked up the parcel from my doorstep on Monday. Kindly initiate the refund to my original payment source. Looking forward to your prompt response.",Low,Pending Customer,Web Portal
TCK-10045,Sophia Wang,sophia.wang78@example.com,Payment Issue,Urgent: Bank statement shows two identical deductions of $129.75 dated yesterday for the same order #565650. Kindly refund the extra deduction. Appreciate your quick assistance.,High,Open,Live Chat
TCK-11041,Aarav Tanaka,aarav.tanaka96@example.com,Account Issue,"Help needed: How do I download a complete archive copy of my account data, purchase history, and uploaded invoices for tax auditing? Thanks.",Medium,Open,Live Chat
TCK-10272,Ananya Singh,ananya.singh66@example.com,Login Problem,"Hello, I get 'Session expired - please login again' immediately after entering my correct username and password. Infinite loop bug. Thank you!",Critical,In Progress,Web Portal
TCK-10611,William Jones,william.jones34@example.com,Refund Request,"Good day, I returned the damaged jacket 10 days ago (return tracking #REF-73037). When will my refund of $688.99 be processed back to my card? Please help me resolve this ASAP.",Critical,Open,Live Chat
TCK-10821,Daniel Kim,daniel.kim44@example.com,Technical Support,"Good day, Getting HTTP 500 Internal Server Error whenever I click on the 'Export PDF Report' button in the dashboard analytics module. Thank you!",Low,Pending Customer,Email
TCK-10257,Sam Martinez,sam.martinez72@example.com,Login Problem,My account says 'Account Temporarily Locked due to too many failed attempts'. How do I unlock it? I need access for my work urgently. Looking forward to your prompt response.,Critical,Pending Customer,Live Chat
TCK-10115,Charlotte Tanaka,charlotte.tanaka57@example.com,Payment Issue,"Good day, Attempting to pay via PayPal gives error code PAY_9021. The payment processing loop just hangs without confirmation.",Low,Pending Customer,Mobile App
TCK-10516,Nikhil Kim,nikhil.kim23@example.com,Order Status,"Dear Customer Service, Could you confirm if order #733244 has been dispatched? The estimated arrival date was today, but no courier updates yet. Please help me resolve this ASAP.",High,In Progress,Mobile App
TCK-10197,Nikhil Davis,nikhil.davis47@example.com,Payment Issue,"Good day, Why is my debit card being declined at the payment screen? There are sufficient funds available and my bank says the merchant gateway is rejecting it. Let me know how to proceed.",Medium,In Progress,Mobile App
TCK-10694,Olivia Verma,olivia.verma21@example.com,Refund Request,Urgent: I was charged for a cancelled order #546478. Please expedite the refund process as this was an error on your store's end. Thank you!,Critical,Pending Customer,Live Chat
TCK-11185,Nikhil Sharma,nikhil.sharma70@example.com,Account Issue,Urgent: Need to remove a former administrator from our organization workspace and reassign all project ownership to my user ID. This is very frustrating.,Critical,Open,Mobile App
TCK-10006,Isabella Williams,isabella.williams83@example.com,Payment Issue,"Hello, I used a promo coupon code offering $30 discount, but my final invoice charged the full price without the promotional deduction. This is very frustrating.",High,Open,Live Chat
TCK-11275,Isabella Singh,isabella.singh45@example.com,Product Complaint,To whom it may concern: The smartphone display screen arrived with multiple visible scratches and a dead pixel in the center. Very poor quality control. Let me know how to proceed.,Low,In Progress,Email
TCK-10449,Charlotte Gupta,charlotte.gupta25@example.com,Order Status,My order status abruptly changed from 'Shipped' back to 'On Hold'. What is the reason for this hold? Please help me resolve this ASAP.,High,Resolved,Mobile App
TCK-10693,Avery Garcia,avery.garcia22@example.com,Refund Request,"Hello, I want to return this unopened item and get a direct refund rather than store credit vouchers. Please advise on the return label. Kindly advise.",Medium,Resolved,Mobile App
TCK-11358,Mia Rodriguez,mia.rodriguez57@example.com,Product Complaint,"The material of this winter coat is extremely cheap and thin, completely different from what was advertised in your product photos. Appreciate your quick assistance.",Medium,Open,Email
TCK-10145,Pat Garcia,pat.garcia29@example.com,Payment Issue,"Hello, My payment failed during checkout using my Visa card, but money got deducted from my bank account. Order ID: #521573. Please help me resolve this ASAP.",Critical,Open,Web Portal
TCK-11567,Ethan Williams,ethan.williams15@example.com,Delivery Issue,"Dear Customer Service, My parcel was sent to the wrong delivery hub across the country due to a barcode sorting misroute. Need urgent reroute. Looking forward to your prompt response.",Critical,In Progress,Email
TCK-11399,Morgan Smith,morgan.smith12@example.com,Product Complaint,"Hey, You sent me the wrong color! I ordered Midnight Blue, but you shipped bright yellow. I need the correct item sent ASAP. Looking forward to your prompt response.",Critical,Pending Customer,Web Portal
TCK-10113,William Chen,william.chen74@example.com,Payment Issue,"Hey, I was charged twice on my credit card for order #526350. Please check your billing system and reverse the duplicate $785.25 charge immediately. Thank you!",Critical,Resolved,Live Chat
TCK-10602,Chris Smith,chris.smith43@example.com,Refund Request,To whom it may concern: I returned the damaged jacket 10 days ago (return tracking #REF-52630). When will my refund of $229.50 be processed back to my card?,Low,In Progress,Mobile App
TCK-11327,Alex Sharma,alex.sharma53@example.com,Product Complaint,"Hi Support Team, The software license key printed on the inside card says 'Already Redeemed by another user'. I bought this brand new sealed.",Medium,Pending Customer,Web Portal
TCK-10940,Rahul Jones,rahul.jones15@example.com,Technical Support,"Help needed: The printer driver integration fails to render barcodes correctly, printing fuzzy unreadable lines instead of 2D data matrix. Thanks.",Low,Pending Customer,Email
TCK-10328,Alexander Sharma,alexander.sharma83@example.com,Login Problem,"Good day, Verification code sent to authenticator app (Google Authenticator) says 'Code expired' every time I type it in. Thank you!",Medium,Open,Web Portal
TCK-10471,Nikhil Johnson,nikhil.johnson27@example.com,Order Status,Help needed: Order #648276 is shown as 'Preparing for dispatch' since Monday. Customer care bot is not providing meaningful updates. Please help me resolve this ASAP.,High,In Progress,Web Portal
TCK-11159,Sophia Davis,sophia.davis85@example.com,Account Issue,"Hey, I upgraded my plan from Basic to Pro, but my account dashboard is still displaying Basic tier limits and restrictions. Please help me resolve this ASAP.",High,Resolved,Live Chat
TCK-11077,Casey Kim,casey.kim55@example.com,Account Issue,To whom it may concern: Unable to modify my shipping address in saved profile settings. The 'Save Address' button stays greyed out. This is very frustrating.,High,Resolved,Web Portal
TCK-11524,Rahul Singh,rahul.singh59@example.com,Delivery Issue,"Urgent: Estimated delivery date has changed 4 times this week. First Monday, then Wednesday, now next week. Highly unreliable service. Thanks.",Critical,Pending Customer,Live Chat
TCK-10287,Avery Martinez,avery.martinez49@example.com,Login Problem,"Dear Customer Service, Password requirements page won't accept my 16-character secure passphrase, stating it contains illegal characters. Looking forward to your prompt response.",Medium,In Progress,Web Portal
TCK-10280,Daniel Smith,daniel.smith96@example.com,Login Problem,"Help needed: The mobile app keeps logging me out every 2 minutes. When I attempt to re-login, the login button spins continuously without responding. Looking forward to your prompt response.",Low,Resolved,Web Portal
TCK-11418,Rahul Wang,rahul.wang70@example.com,Delivery Issue,"Good day, Requested weekend delivery when placing order #203400, but carrier attempted delivery on Wednesday during work hours. Thanks.",Low,Open,Live Chat
TCK-10657,Amelia Wang,amelia.wang69@example.com,Refund Request,Urgent: I cancelled order #493222 within 30 minutes of placing it. Please confirm when the refund will reflect in my bank account. Kindly advise.,Critical,In Progress,Mobile App
TCK-10249,Aarav Tanaka,aarav.tanaka50@example.com,Login Problem,"Hey, Two-factor authentication code (2FA) is not arriving on my phone number. I have been locked out of my portal for 4 hours. Thanks.",Critical,In Progress,Email
TCK-11578,David Wang,david.wang21@example.com,Delivery Issue,"Hey, The courier driver refused to bring the heavy 45kg parcel up to my apartment floor, leaving it on the street sidewalk. This is very frustrating.",High,In Progress,Mobile App
TCK-10334,Sophia Verma,sophia.verma64@example.com,Login Problem,Urgent: Verification code sent to authenticator app (Google Authenticator) says 'Code expired' every time I type it in.,Critical,Resolved,Email
TCK-10858,James Rodriguez,james.rodriguez58@example.com,Technical Support,"Hey, Our developers are unable to integrate the Webhook endpoint. Incoming POST payloads are missing the signature verification header. Appreciate your quick assistance.",Low,Pending Customer,Web Portal
TCK-11131,Isabella Wang,isabella.wang76@example.com,Account Issue,To whom it may concern: Please help me update the legal company name and tax ID (VAT number) on our corporate subscription account. Appreciate your quick assistance.,Medium,In Progress,Mobile App
TCK-10507,Isabella Patel,isabella.patel20@example.com,Order Status,"Dear Customer Service, Order #145998 has been stuck on 'Processing in Warehouse' for over a week. When will it actually ship out? This is very frustrating.",Medium,In Progress,Web Portal
TCK-11197,Daniel Singh,daniel.singh10@example.com,Account Issue,"Help needed: I upgraded my plan from Basic to Pro, but my account dashboard is still displaying Basic tier limits and restrictions. Let me know how to proceed.",Medium,In Progress,Email
TCK-10423,Michael Singh,michael.singh32@example.com,Order Status,Checking if order #658174 can still be expedited to express next-day delivery? I am willing to pay the difference. Kindly advise.,Medium,In Progress,Email
TCK-10683,Chris Miller,chris.miller45@example.com,Refund Request,"Hello, I want to return this unopened item and get a direct refund rather than store credit vouchers. Please advise on the return label. Kindly advise.",Medium,In Progress,Mobile App
TCK-11111,Neha Garcia,neha.garcia19@example.com,Account Issue,"Good day, I upgraded my plan from Basic to Pro, but my account dashboard is still displaying Basic tier limits and restrictions. Thank you!",Medium,Open,Mobile App
TCK-11269,Chris Williams,chris.williams55@example.com,Product Complaint,"Hello, The software license key printed on the inside card says 'Already Redeemed by another user'. I bought this brand new sealed. Let me know how to proceed.",Low,Pending Customer,Live Chat
TCK-10026,Charlotte Davis,charlotte.davis18@example.com,Payment Issue,"Hey, Automatic renewal charged my expired card somehow and gave an overdue penalty of $19.00. Please fix my payment method. This is very frustrating.",Medium,Resolved,Email
TCK-10548,David Rodriguez,david.rodriguez43@example.com,Order Status,"Help needed: Could you confirm if order #640030 has been dispatched? The estimated arrival date was today, but no courier updates yet. Let me know how to proceed.",Low,Pending Customer,Mobile App
TCK-10613,Casey Kim,casey.kim16@example.com,Refund Request,"Hello, Received defective electronic headphones. I don't want a replacement, I strictly request a full refund to my original card. Kindly advise.",Low,Open,Mobile App
TCK-10823,Ethan Miller,ethan.miller61@example.com,Technical Support,"Hey, The desktop application crashes immediately upon opening on macOS Sonoma. Error log mentions 'Segmentation fault at 0x000003'. Kindly advise.",Critical,In Progress,Web Portal
TCK-10999,Amelia Tanaka,amelia.tanaka31@example.com,Technical Support,Our developers are unable to integrate the Webhook endpoint. Incoming POST payloads are missing the signature verification header.,Medium,Pending Customer,Email
TCK-10970,Ananya Rodriguez,ananya.rodriguez69@example.com,Technical Support,"Hey, WebSocket connection drops repeatedly with code 1006. Reconnection attempts cause UI lag and high CPU consumption. Thank you!",Medium,In Progress,Live Chat
TCK-11112,Neha Chen,neha.chen24@example.com,Account Issue,"Dear Customer Service, Unable to modify my shipping address in saved profile settings. The 'Save Address' button stays greyed out. Appreciate your quick assistance.",Low,Resolved,Mobile App
TCK-10333,Ananya Chen,ananya.chen13@example.com,Login Problem,"Hey, Unable to sign in on Chrome desktop browser. Clearing cookies and cache did not help, getting 'Error 401 Unauthorized'. Please help me resolve this ASAP.",High,Pending Customer,Mobile App
TCK-10388,Ananya Brown,ananya.brown37@example.com,Login Problem,"To whom it may concern: I cannot log into my account. When I submit my password, the screen displays 'Invalid Credentials' even though I just reset it. Looking forward to your prompt response.",Medium,Resolved,Email
TCK-10881,Charlotte Singh,charlotte.singh91@example.com,Technical Support,"Help needed: After the latest firmware v2.4.1 update, the smart hub disconnects from Wi-Fi every 15 minutes and requires a manual power cycle. Kindly advise.",Low,Resolved,Mobile App
TCK-11471,Taylor Davis,taylor.davis11@example.com,Delivery Issue,"Hey, The courier tracking shows 'Returned to Sender - Recipient Not Found' without making any delivery attempt or phone call. Appreciate your quick assistance.",Low,Resolved,Live Chat
TCK-10682,Priya Singh,priya.singh49@example.com,Refund Request,I am asking for my money back because the service was not provided. Please issue reimbursement. Appreciate your quick assistance.,Low,Pending Customer,Mobile App
TCK-10901,Emma Johnson,emma.johnson11@example.com,Technical Support,"Hi Support Team, The REST API returns 429 Too Many Requests even though our traffic is well under the 60 requests/minute tier quota limit. Thanks.",Low,Pending Customer,Mobile App
TCK-11100,James Singh,james.singh95@example.com,Account Issue,"To whom it may concern: I upgraded my plan from Basic to Pro, but my account dashboard is still displaying Basic tier limits and restrictions. Thanks.",Low,In Progress,Mobile App
TCK-10158,David Lee,david.lee95@example.com,Payment Issue,"Good day, I was charged twice on my credit card for order #381643. Please check your billing system and reverse the duplicate $746.99 charge immediately. Let me know how to proceed.",Critical,Pending Customer,Mobile App
TCK-10506,Charlotte Tanaka,charlotte.tanaka78@example.com,Order Status,Urgent: Order #458745 has been stuck on 'Processing in Warehouse' for over a week. When will it actually ship out? Thank you!,High,In Progress,Web Portal
TCK-10517,James Davis,james.davis46@example.com,Order Status,To whom it may concern: Is there any update on the backordered item in order #211644? It has been 2 weeks since the expected restock date. Thanks.,Medium,Resolved,Mobile App
TCK-10351,Rahul Garcia,rahul.garcia30@example.com,Login Problem,Help needed: My team member left the company and we need to revoke their login access and transfer the admin account ownership to my email.,Low,Resolved,Web Portal
TCK-10949,Alex Sharma,alex.sharma56@example.com,Technical Support,"Hello, Audio output does not work during video conferences on the web app. Microphone input is detected, but remote audio is silent. Appreciate your quick assistance.",Medium,Resolved,Live Chat
TCK-11526,Ananya Singh,ananya.singh46@example.com,Delivery Issue,"Hello, My parcel was sent to the wrong delivery hub across the country due to a barcode sorting misroute. Need urgent reroute. Thank you!",Critical,Pending Customer,Live Chat
TCK-10827,Nikhil Verma,nikhil.verma16@example.com,Technical Support,"Hi Support Team, The REST API returns 429 Too Many Requests even though our traffic is well under the 60 requests/minute tier quota limit. Let me know how to proceed.",Low,Resolved,Web Portal
TCK-10501,William Smith,william.smith97@example.com,Order Status,"Hey, Is there any update on the backordered item in order #893980? It has been 2 weeks since the expected restock date.",Medium,Resolved,Web Portal
TCK-10870,Neha Smith,neha.smith82@example.com,Technical Support,"Help needed: The printer driver integration fails to render barcodes correctly, printing fuzzy unreadable lines instead of 2D data matrix. Appreciate your quick assistance.",Low,Pending Customer,Email
TCK-10822,Chris Rodriguez,chris.rodriguez34@example.com,Technical Support,WebSocket connection drops repeatedly with code 1006. Reconnection attempts cause UI lag and high CPU consumption. Looking forward to your prompt response.,Medium,Pending Customer,Email
TCK-10967,Olivia Patel,olivia.patel86@example.com,Technical Support,"Hi Support Team, Audio output does not work during video conferences on the web app. Microphone input is detected, but remote audio is silent. Kindly advise.",Medium,In Progress,Live Chat
TCK-10092,Michael Johnson,michael.johnson40@example.com,Payment Issue,"Urgent: My payment failed during checkout using my Debit card, but money got deducted from my bank account. Order ID: #366770. Let me know how to proceed.",High,Pending Customer,Web Portal
TCK-10412,Emma Wang,emma.wang95@example.com,Order Status,"I ordered three items under order #105686, but received only one small parcel today. Are the remaining two items shipping separately? Thanks.",Medium,In Progress,Web Portal
TCK-11566,Riley Lee,riley.lee37@example.com,Delivery Issue,"To whom it may concern: The courier attempted delivery at 6:30 AM without ringing the doorbell, left a 'Failed Attempt' slip, and returned it to the depot.",Medium,In Progress,Mobile App
TCK-10360,Morgan Johnson,morgan.johnson28@example.com,Login Problem,"Hi Support Team, I clicked 'Forgot Password' multiple times, but the password reset link email never arrives in my inbox or spam folder.",Medium,In Progress,Web Portal
TCK-10500,David Garcia,david.garcia69@example.com,Order Status,Urgent: Can you please provide the latest tracking status for my order #201227? Placed it 6 days ago and haven't received any dispatch email. Thank you!,High,Open,Email
TCK-11416,David Gupta,david.gupta57@example.com,Delivery Issue,To whom it may concern: My delivery is delayed by over 6 business days with zero explanations from the courier service. Placed order #271065.,Medium,In Progress,Live Chat
TCK-11529,Morgan Kim,morgan.kim12@example.com,Delivery Issue,Help needed: Courier says delivery address is 'Incomplete / Missing Apt Number' even though my order confirmation shows complete details. Please help me resolve this ASAP.,High,In Progress,Email
TCK-10455,Amelia Johnson,amelia.johnson39@example.com,Order Status,"Dear Customer Service, Order status shows 'In Transit' for the last 10 days with no location scans since leaving the regional sorting hub. This is very frustrating.",Medium,In Progress,Web Portal
TCK-10819,Ethan Jones,ethan.jones17@example.com,Technical Support,"Hey, Search functionality in the app is broken; typing any search query returns an unhandled React error in the browser console. Appreciate your quick assistance.",Medium,Resolved,Email
TCK-10570,Ananya Lee,ananya.lee75@example.com,Order Status,"Dear Customer Service, The tracking dashboard says 'Exception: Delay due to weather conditions'. How many days of delay should I anticipate? Thanks.",Low,Open,Live Chat
TCK-10589,Rahul Smith,rahul.smith87@example.com,Order Status,"Good day, I ordered three items under order #603367, but received only one small parcel today. Are the remaining two items shipping separately? Kindly advise.",Low,In Progress,Mobile App
TCK-10301,Pat Sharma,pat.sharma56@example.com,Login Problem,"Hey, Unable to sign in on Chrome desktop browser. Clearing cookies and cache did not help, getting 'Error 401 Unauthorized'. This is very frustrating.",High,Pending Customer,Web Portal
TCK-10186,Alexander Johnson,alexander.johnson43@example.com,Payment Issue,Why is my debit card being declined at the payment screen? There are sufficient funds available and my bank says the merchant gateway is rejecting it. Kindly advise.,Low,Pending Customer,Mobile App
TCK-11279,Avery Wang,avery.wang46@example.com,Product Complaint,Urgent: Shoes look like they were previously worn; the soles are scuffed and dirty right out of the sealed shipping box. Appreciate your quick assistance.,High,Open,Live Chat
TCK-10746,Taylor Miller,taylor.miller52@example.com,Refund Request,"Good day, Sent the package back via postal return. Where is my refund? It has been over two weeks. Please help me resolve this ASAP.",High,In Progress,Mobile App
TCK-10135,Ananya Verma,ananya.verma51@example.com,Payment Issue,I received an unexpected transaction alert of $793.25 from your company that I did not authorize. Please investigate this billing error. Please help me resolve this ASAP.,Critical,Open,Live Chat
TCK-10931,Sam Sharma,sam.sharma72@example.com,Technical Support,"Hello, The browser extension freezes Chrome tabs when scrolling through large document lists. Need an updated patch or workaround.",Low,Open,Web Portal
TCK-11102,Sam Martinez,sam.martinez31@example.com,Account Issue,"To whom it may concern: My student discount verification was approved by SheerID, but my subscription billing still shows standard commercial price. Let me know how to proceed.",Medium,In Progress,Email
TCK-11366,Taylor Johnson,taylor.johnson36@example.com,Product Complaint,"Hey, The camera lens has internal dust particles sealed beneath the glass element which blurs every photo taken.",Medium,Open,Web Portal
TCK-10540,Sam Davis,sam.davis59@example.com,Order Status,Urgent: Checking if order #475614 can still be expedited to express next-day delivery? I am willing to pay the difference. Let me know how to proceed.,High,In Progress,Web Portal
TCK-10040,Neha Chen,neha.chen26@example.com,Payment Issue,Why is my debit card being declined at the payment screen? There are sufficient funds available and my bank says the merchant gateway is rejecting it. Looking forward to your prompt response.,Low,Open,Email
TCK-11533,Morgan Garcia,morgan.garcia44@example.com,Delivery Issue,"Hey, The courier tracking shows 'Returned to Sender - Recipient Not Found' without making any delivery attempt or phone call. Looking forward to your prompt response.",Medium,Resolved,Email
TCK-10403,Alex Garcia,alex.garcia62@example.com,Order Status,Help needed: I need to check the delivery timeline for purchase #663768. Will it reach before Friday as I am traveling out of state? Appreciate your quick assistance.,Low,In Progress,Web Portal
TCK-10786,Avery Wang,avery.wang42@example.com,Refund Request,"Dear Customer Service, I cancelled order #988356 within 30 minutes of placing it. Please confirm when the refund will reflect in my bank account. Looking forward to your prompt response.",Low,In Progress,Live Chat
TCK-10392,Chris Lee,chris.lee30@example.com,Login Problem,"Hey, Password requirements page won't accept my 16-character secure passphrase, stating it contains illegal characters. Thank you!",Medium,Resolved,Web Portal
TCK-10125,Ananya Williams,ananya.williams47@example.com,Payment Issue,Help needed: Attempting to pay via PayPal gives error code PAY_9021. The payment processing loop just hangs without confirmation. Looking forward to your prompt response.,Medium,Pending Customer,Live Chat
TCK-10096,Olivia Tanaka,olivia.tanaka30@example.com,Payment Issue,Help needed: I cannot add my new credit card in the billing settings. It shows 'Tokenization Failed - invalid CVV' even though CVV is completely correct. Thanks.,Medium,Pending Customer,Live Chat
TCK-10393,Rahul Kim,rahul.kim21@example.com,Login Problem,"Hi Support Team, When I try to login from my home office IP address, it flags 'Suspicious login detected' and blocks my access completely. This is very frustrating.",High,Open,Email
TCK-10028,Emma Williams,emma.williams52@example.com,Payment Issue,"Hi Support Team, Attempting to pay via PayPal gives error code PAY_9021. The payment processing loop just hangs without confirmation.",Low,Open,Email
TCK-10036,Pat Singh,pat.singh78@example.com,Payment Issue,"Dear Customer Service, Payment verification OTP is never delivered to my registered phone number during 3D Secure authentication. Payment times out every time.",Medium,In Progress,Email
TCK-10645,Alex Brown,alex.brown62@example.com,Refund Request,To whom it may concern: Returned package was delivered to your warehouse according to FedEx tracking #REF-69599. When will inspection complete and refund issue? This is very frustrating.,Medium,Open,Web Portal
TCK-11247,Charlotte Tanaka,charlotte.tanaka66@example.com,Product Complaint,"Good day, The material of this winter coat is extremely cheap and thin, completely different from what was advertised in your product photos. This is very frustrating.",High,Resolved,Mobile App
TCK-11426,Priya Miller,priya.miller14@example.com,Delivery Issue,"Hi Support Team, The courier tracking shows 'Returned to Sender - Recipient Not Found' without making any delivery attempt or phone call. This is very frustrating.",Medium,Pending Customer,Live Chat
TCK-10042,Alexander Wang,alexander.wang47@example.com,Payment Issue,I was charged twice on my credit card for order #524868. Please check your billing system and reverse the duplicate $718.50 charge immediately. Please help me resolve this ASAP.,Critical,Open,Mobile App
TCK-10966,Rahul Wang,rahul.wang32@example.com,Technical Support,"Hi Support Team, Audio output does not work during video conferences on the web app. Microphone input is detected, but remote audio is silent.",Low,Pending Customer,Mobile App
TCK-10477,Emma Johnson,emma.johnson99@example.com,Order Status,Help needed: The tracking dashboard says 'Exception: Delay due to weather conditions'. How many days of delay should I anticipate? Kindly advise.,Low,Resolved,Email
TCK-10539,David Smith,david.smith61@example.com,Order Status,Help needed: I never received an order confirmation email with my tracking number for the purchase made yesterday evening. Card was charged. Appreciate your quick assistance.,Low,Pending Customer,Mobile App
TCK-11222,Morgan Gupta,morgan.gupta66@example.com,Product Complaint,"Dear Customer Service, The zipper on this leather backpack broke off on day two of use. This is unacceptable for a luxury price product. This is very frustrating.",High,Pending Customer,Mobile App
TCK-10569,James Williams,james.williams72@example.com,Order Status,"Good day, Checking if order #767188 can still be expedited to express next-day delivery? I am willing to pay the difference. This is very frustrating.",High,Open,Live Chat
TCK-11235,Jordan Chen,jordan.chen51@example.com,Product Complaint,"Good day, You sent me the wrong color! I ordered Midnight Blue, but you shipped bright yellow. I need the correct item sent ASAP. Looking forward to your prompt response.",High,In Progress,Web Portal
TCK-11258,Mia Singh,mia.singh30@example.com,Product Complaint,To whom it may concern: The zipper on this leather backpack broke off on day two of use. This is unacceptable for a luxury price product. Kindly advise.,Medium,Pending Customer,Web Portal
TCK-11284,Amelia Chen,amelia.chen22@example.com,Product Complaint,To whom it may concern: Missing essential accessories: the package did not include the power charging adapter and USB cable specified on the box. Kindly advise.,Medium,Open,Live Chat
TCK-10910,Nikhil Gupta,nikhil.gupta88@example.com,Technical Support,Search functionality in the app is broken; typing any search query returns an unhandled React error in the browser console. Appreciate your quick assistance.,High,In Progress,Web Portal
TCK-10176,Taylor Kim,taylor.kim53@example.com,Payment Issue,"Hi Support Team, Payment went through and I have bank reference #REF-91625, but the cart still says 'Awaiting Payment' and did not issue an order receipt.",Low,Pending Customer,Web Portal
TCK-10363,Jordan Sharma,jordan.sharma39@example.com,Login Problem,"Help needed: Password requirements page won't accept my 16-character secure passphrase, stating it contains illegal characters. Thank you!",Medium,In Progress,Email
TCK-10350,Morgan Davis,morgan.davis48@example.com,Login Problem,Urgent: Two-factor authentication code (2FA) is not arriving on my phone number. I have been locked out of my portal for 4 hours.,High,Resolved,Email
TCK-11514,Ethan Martinez,ethan.martinez44@example.com,Delivery Issue,"Dear Customer Service, The delivery status has said 'Out for Delivery' for three consecutive days from 8 AM to 9 PM, but driver never shows up. Let me know how to proceed.",Low,In Progress,Email
TCK-11182,Chris Johnson,chris.johnson93@example.com,Account Issue,Urgent: Need to remove a former administrator from our organization workspace and reassign all project ownership to my user ID. Looking forward to your prompt response.,Critical,Pending Customer,Email
TCK-10188,Daniel Williams,daniel.williams99@example.com,Payment Issue,"Dear Customer Service, I used a promo coupon code offering $30 discount, but my final invoice charged the full price without the promotional deduction. Appreciate your quick assistance.",Medium,In Progress,Email
TCK-10783,Isabella Singh,isabella.singh67@example.com,Refund Request,"Urgent: Requested a refund 2 weeks ago for order #157496. Still waiting. If not processed today, I will have to file a credit card chargeback. Thanks.",Critical,Pending Customer,Mobile App
TCK-11518,James Johnson,james.johnson58@example.com,Delivery Issue,"Urgent: Signature was required for this high-value laptop delivery, yet the carrier signed on my behalf with fake initials and dumped it. Let me know how to proceed.",High,Resolved,Live Chat
TCK-10703,Olivia Patel,olivia.patel67@example.com,Refund Request,Please cancel my annual subscription renewal and issue a full refund as per your 30-day money-back guarantee policy. Appreciate your quick assistance.,Medium,Open,Web Portal
TCK-10785,Priya Sharma,priya.sharma31@example.com,Refund Request,"Hey, I want my money back for the defective item I returned last week. Please process the credit immediately. Kindly advise.",High,In Progress,Mobile App
TCK-10752,David Brown,david.brown24@example.com,Refund Request,"Hello, Please cancel my annual subscription renewal and issue a full refund as per your 30-day money-back guarantee policy.",Medium,Open,Live Chat
TCK-10243,David Chen,david.chen75@example.com,Login Problem,Help needed: Verification code sent to authenticator app (Google Authenticator) says 'Code expired' every time I type it in. Let me know how to proceed.,Medium,Pending Customer,Mobile App
TCK-10261,Nikhil Martinez,nikhil.martinez45@example.com,Login Problem,"Hey, Biometric Face ID login failed on my iOS device and now asking for a master PIN that I never configured during initial setup. This is very frustrating.",High,Open,Live Chat
TCK-10903,Daniel Chen,daniel.chen87@example.com,Technical Support,Urgent: Exported CSV files have corrupted text formatting and broken UTF-8 encoding for international non-English characters. Please help me resolve this ASAP.,High,Resolved,Email
TCK-10558,Chris Williams,chris.williams40@example.com,Order Status,I need to check the delivery timeline for purchase #353640. Will it reach before Friday as I am traveling out of state? Looking forward to your prompt response.,Low,Open,Web Portal
TCK-11076,Sophia Gupta,sophia.gupta42@example.com,Account Issue,"Hello, I need to change my primary registered email address from old@example.com to new@example.com because I lost access to the old email provider. Thanks.",Medium,Open,Mobile App
TCK-10417,Alex Miller,alex.miller80@example.com,Order Status,To whom it may concern: Order #716002 has been stuck on 'Processing in Warehouse' for over a week. When will it actually ship out? Appreciate your quick assistance.,Low,Pending Customer,Web Portal
TCK-11392,Sophia Kim,sophia.kim92@example.com,Product Complaint,Urgent: The zipper on this leather backpack broke off on day two of use. This is unacceptable for a luxury price product. Thanks.,Critical,In Progress,Web Portal
TCK-10900,Casey Patel,casey.patel59@example.com,Technical Support,"Hey, Audio output does not work during video conferences on the web app. Microphone input is detected, but remote audio is silent. Appreciate your quick assistance.",Low,Resolved,Web Portal
TCK-11505,Nikhil Kim,nikhil.kim17@example.com,Delivery Issue,"Help needed: The courier attempted delivery at 6:30 AM without ringing the doorbell, left a 'Failed Attempt' slip, and returned it to the depot. Thanks.",Medium,Pending Customer,Mobile App
TCK-10491,Ananya Chen,ananya.chen86@example.com,Order Status,"Hello, The tracking dashboard says 'Exception: Delay due to weather conditions'. How many days of delay should I anticipate? Kindly advise.",Medium,Open,Mobile App
TCK-10624,Charlotte Garcia,charlotte.garcia74@example.com,Refund Request,"Help needed: You approved my return request last Tuesday, but I have not received the credit note or refund payment confirmation yet. Appreciate your quick assistance.",Medium,Pending Customer,Live Chat
TCK-10179,Alexander Verma,alexander.verma84@example.com,Payment Issue,"Hello, My Apple Pay transaction timed out at final review, yet my credit limit shows the hold. Did the payment clear or should I retry?",Low,In Progress,Live Chat
TCK-11491,Charlotte Davis,charlotte.davis40@example.com,Delivery Issue,"Hi Support Team, Courier says delivery address is 'Incomplete / Missing Apt Number' even though my order confirmation shows complete details. This is very frustrating.",High,Resolved,Live Chat
TCK-10100,Riley Davis,riley.davis51@example.com,Payment Issue,Urgent: Bank statement shows two identical deductions of $152.25 dated yesterday for the same order #898686. Kindly refund the extra deduction. Let me know how to proceed.,High,Pending Customer,Live Chat
TCK-10319,Jordan Brown,jordan.brown64@example.com,Login Problem,"Urgent: I cannot log into my account. When I submit my password, the screen displays 'Invalid Credentials' even though I just reset it. Thank you!",Critical,In Progress,Email
TCK-10824,Sam Williams,sam.williams77@example.com,Technical Support,"Dear Customer Service, File upload feature fails for files larger than 15MB with 'Payload Too Large' error, despite our plan allowing up to 100MB uploads. Please help me resolve this ASAP.",High,Open,Mobile App
TCK-11525,Ananya Singh,ananya.singh46@example.com,Delivery Issue,"Requested weekend delivery when placing order #113640, but carrier attempted delivery on Wednesday during work hours. Appreciate your quick assistance.",Low,Open,Web Portal
TCK-11167,Aarav Tanaka,aarav.tanaka79@example.com,Account Issue,"Good day, How do I download a complete archive copy of my account data, purchase history, and uploaded invoices for tax auditing? Thank you!",Medium,Pending Customer,Live Chat
TCK-10972,Casey Davis,casey.davis43@example.com,Technical Support,"Hey, Exported CSV files have corrupted text formatting and broken UTF-8 encoding for international non-English characters. Thank you!",High,Resolved,Mobile App
TCK-10018,Neha Singh,neha.singh11@example.com,Payment Issue,"Good day, Every time I try to complete payment using Google Pay, the checkout page refreshes and clears my shopping bag without placing the order. Let me know how to proceed.",Low,In Progress,Email
TCK-10237,Isabella Wang,isabella.wang17@example.com,Login Problem,Biometric Face ID login failed on my iOS device and now asking for a master PIN that I never configured during initial setup. Let me know how to proceed.,Medium,In Progress,Mobile App
TCK-10009,Sophia Garcia,sophia.garcia69@example.com,Payment Issue,"Hi Support Team, Automatic renewal charged my expired card somehow and gave an overdue penalty of $446.50. Please fix my payment method. Appreciate your quick assistance.",Low,Open,Web Portal
TCK-11579,Olivia Johnson,olivia.johnson54@example.com,Delivery Issue,To whom it may concern: Package is held at customs clearance depot for 8 days because the shipping invoice documentation was missing from the parcel. Please help me resolve this ASAP.,High,Resolved,Mobile App
TCK-10089,Taylor Patel,taylor.patel75@example.com,Payment Issue,Urgent: Payment verification OTP is never delivered to my registered phone number during 3D Secure authentication. Payment times out every time. Thanks.,Critical,In Progress,Mobile App
TCK-10732,Alexander Jones,alexander.jones76@example.com,Refund Request,I was charged for a cancelled order #927530. Please expedite the refund process as this was an error on your store's end. Thanks.,Low,Open,Web Portal
TCK-10557,Casey Williams,casey.williams55@example.com,Order Status,"Hello, Can you please provide the latest tracking status for my order #609265? Placed it 6 days ago and haven't received any dispatch email. Please help me resolve this ASAP.",Critical,Pending Customer,Email
TCK-10563,Emma Miller,emma.miller92@example.com,Order Status,"Hi Support Team, Can you send me the invoice and live GPS tracking link for order #310437 placed under my business account? Looking forward to your prompt response.",Medium,Open,Web Portal
TCK-11045,Aarav Singh,aarav.singh49@example.com,Account Issue,"Hi Support Team, I want to change my account phone number for security verification, but the system prompts me to verify via the old number which is deactivated. Thanks.",Low,In Progress,Web Portal
TCK-11114,Mia Gupta,mia.gupta23@example.com,Account Issue,"Hi Support Team, I accidentally created two duplicate profiles for the same customer. Can your support team merge their loyalty points? Appreciate your quick assistance.",Low,Resolved,Web Portal
TCK-11048,Ananya Verma,ananya.verma76@example.com,Account Issue,"Good day, We are receiving marketing emails and promotional newsletters even though all communication preferences are disabled in my profile. Let me know how to proceed.",Medium,Open,Mobile App
TCK-10890,Aarav Tanaka,aarav.tanaka56@example.com,Technical Support,"Hello, Our developers are unable to integrate the Webhook endpoint. Incoming POST payloads are missing the signature verification header.",Medium,Open,Mobile App
TCK-11591,Priya Singh,priya.singh52@example.com,Delivery Issue,"Hey, Delivery address was updated to my new apartment, but the package was dispatched to my old address in another city. Please help me resolve this ASAP.",High,Pending Customer,Mobile App
TCK-10426,Mia Sharma,mia.sharma89@example.com,Order Status,I never received an order confirmation email with my tracking number for the purchase made yesterday evening. Card was charged. Let me know how to proceed.,Medium,Open,Live Chat
TCK-10508,Pat Wang,pat.wang43@example.com,Order Status,"Hey, Order status shows 'In Transit' for the last 10 days with no location scans since leaving the regional sorting hub. This is very frustrating.",Medium,In Progress,Web Portal
TCK-10867,Neha Sharma,neha.sharma87@example.com,Technical Support,"Hi Support Team, Search functionality in the app is broken; typing any search query returns an unhandled React error in the browser console. Appreciate your quick assistance.",High,Resolved,Web Portal
TCK-10523,Avery Kim,avery.kim26@example.com,Order Status,"Hi Support Team, I ordered three items under order #542724, but received only one small parcel today. Are the remaining two items shipping separately? Thank you!",Medium,Open,Mobile App
TCK-11427,Charlotte Wang,charlotte.wang77@example.com,Delivery Issue,"Courier marked my package as 'Delivered to resident', but no one was home and there is no package on the porch or with neighbors.",Medium,In Progress,Mobile App
TCK-10992,Ethan Lee,ethan.lee45@example.com,Technical Support,"Audio output does not work during video conferences on the web app. Microphone input is detected, but remote audio is silent. Looking forward to your prompt response.",Low,Resolved,Web Portal
TCK-11305,Jordan Johnson,jordan.johnson71@example.com,Product Complaint,"Dear Customer Service, The wireless earbuds have terrible battery life, dying in less than 45 minutes instead of the advertised 8 hours of playback. Appreciate your quick assistance.",Low,In Progress,Web Portal
TCK-10943,Morgan Verma,morgan.verma95@example.com,Technical Support,"To whom it may concern: SSL certificate on your webhook callback domain appears to have expired yesterday, causing all our automated background jobs to fail.",Medium,Pending Customer,Email
TCK-10873,Rahul Kim,rahul.kim71@example.com,Technical Support,"Dear Customer Service, The browser extension freezes Chrome tabs when scrolling through large document lists. Need an updated patch or workaround. Thanks.",Medium,In Progress,Email
TCK-11224,Mia Chen,mia.chen84@example.com,Product Complaint,The software license key printed on the inside card says 'Already Redeemed by another user'. I bought this brand new sealed.,Low,Resolved,Web Portal
TCK-10305,Aarav Smith,aarav.smith45@example.com,Login Problem,To whom it may concern: Verification code sent to authenticator app (Google Authenticator) says 'Code expired' every time I type it in. Thanks.,Low,Open,Email
TCK-10218,Sophia Davis,sophia.davis90@example.com,Login Problem,Urgent: My team member left the company and we need to revoke their login access and transfer the admin account ownership to my email. Please help me resolve this ASAP.,Critical,Open,Web Portal
TCK-11082,Avery Gupta,avery.gupta60@example.com,Account Issue,"Dear Customer Service, I want to change my account phone number for security verification, but the system prompts me to verify via the old number which is deactivated.",Low,Open,Mobile App
TCK-11489,Olivia Garcia,olivia.garcia68@example.com,Delivery Issue,"Hey, Package is held at customs clearance depot for 8 days because the shipping invoice documentation was missing from the parcel. Thank you!",Low,Open,Web Portal
TCK-10761,Neha Gupta,neha.gupta71@example.com,Refund Request,Urgent: Returned package was delivered to your warehouse according to FedEx tracking #REF-29195. When will inspection complete and refund issue? Let me know how to proceed.,High,Pending Customer,Mobile App
TCK-11107,Mia Miller,mia.miller43@example.com,Account Issue,I need to change my primary registered email address from old@example.com to new@example.com because I lost access to the old email provider. Appreciate your quick assistance.,Medium,Open,Email
TCK-10108,Alexander Patel,alexander.patel11@example.com,Payment Issue,"Hello, I received an unexpected transaction alert of $154.99 from your company that I did not authorize. Please investigate this billing error. Looking forward to your prompt response.",Medium,Open,Live Chat
TCK-10782,Michael Davis,michael.davis68@example.com,Refund Request,"How long does it take for a refund to show on a Visa debit card? Your support agent said 3-5 business days, but today is day 9. Thank you!",Medium,Pending Customer,Live Chat
TCK-11135,Chris Tanaka,chris.tanaka48@example.com,Account Issue,Help needed: Please help me update the legal company name and tax ID (VAT number) on our corporate subscription account.,Low,Open,Live Chat
TCK-10911,Priya Johnson,priya.johnson78@example.com,Technical Support,"Good day, The REST API returns 429 Too Many Requests even though our traffic is well under the 60 requests/minute tier quota limit. Let me know how to proceed.",Medium,Open,Web Portal
TCK-11233,Priya Chen,priya.chen22@example.com,Product Complaint,"Good day, Product description claimed this monitor has built-in speakers and HDR support, but the unit received lacks both features entirely. Thanks.",Low,Pending Customer,Live Chat
TCK-11288,Alex Rodriguez,alex.rodriguez27@example.com,Product Complaint,Urgent: Missing essential accessories: the package did not include the power charging adapter and USB cable specified on the box. Let me know how to proceed.,Critical,In Progress,Mobile App
TCK-10764,Morgan Jones,morgan.jones22@example.com,Refund Request,"Hi Support Team, Received defective electronic headphones. I don't want a replacement, I strictly request a full refund to my original card. This is very frustrating.",High,In Progress,Web Portal
TCK-11485,Charlotte Miller,charlotte.miller28@example.com,Delivery Issue,"Help needed: The delivery driver literally threw the heavy parcel over my high front fence, denting the outer shipping box. Thanks.",Low,In Progress,Web Portal
TCK-10165,Sophia Brown,sophia.brown29@example.com,Payment Issue,You charged me an extra $800.25 processing fee which was not shown on the checkout summary page. I need this rectified. Let me know how to proceed.,Low,In Progress,Web Portal
TCK-10120,Isabella Williams,isabella.williams59@example.com,Payment Issue,"Good day, Attempting to pay via PayPal gives error code PAY_9021. The payment processing loop just hangs without confirmation. This is very frustrating.",High,Open,Web Portal
TCK-10326,Morgan Wang,morgan.wang36@example.com,Login Problem,"I cannot log into my account. When I submit my password, the screen displays 'Invalid Credentials' even though I just reset it. Appreciate your quick assistance.",Medium,Resolved,Web Portal
TCK-10534,Ananya Verma,ananya.verma61@example.com,Order Status,Urgent: The tracking link provided in your email opens a blank page with error 'Tracking number not recognized by carrier'. Order #764340. Thanks.,High,Pending Customer,Live Chat
TCK-10791,Ethan Miller,ethan.miller10@example.com,Refund Request,"Hi Support Team, Please cancel my annual subscription renewal and issue a full refund as per your 30-day money-back guarantee policy.",Medium,Open,Email
TCK-11354,Priya Miller,priya.miller35@example.com,Product Complaint,"Good day, The wireless earbuds have terrible battery life, dying in less than 45 minutes instead of the advertised 8 hours of playback. Kindly advise.",Low,In Progress,Web Portal
TCK-10156,Olivia Jones,olivia.jones90@example.com,Payment Issue,To whom it may concern: I cannot add my new credit card in the billing settings. It shows 'Tokenization Failed - invalid CVV' even though CVV is completely correct. Thank you!,High,Pending Customer,Email
TCK-11545,Aarav Singh,aarav.singh38@example.com,Delivery Issue,"Help needed: Courier marked my package as 'Delivered to resident', but no one was home and there is no package on the porch or with neighbors. Let me know how to proceed.",Low,Pending Customer,Web Portal
TCK-10253,Daniel Kim,daniel.kim95@example.com,Login Problem,"Hi Support Team, Password requirements page won't accept my 16-character secure passphrase, stating it contains illegal characters. Thanks.",Medium,Resolved,Live Chat
TCK-11169,Mia Singh,mia.singh56@example.com,Account Issue,"Help needed: I upgraded my plan from Basic to Pro, but my account dashboard is still displaying Basic tier limits and restrictions. This is very frustrating.",Medium,Pending Customer,Mobile App
TCK-10134,Avery Miller,avery.miller93@example.com,Payment Issue,"Hi Support Team, Payment went through and I have bank reference #REF-21302, but the cart still says 'Awaiting Payment' and did not issue an order receipt. Thanks.",Medium,Pending Customer,Web Portal
TCK-11166,Pat Jones,pat.jones32@example.com,Account Issue,"Urgent: How do I download a complete archive copy of my account data, purchase history, and uploaded invoices for tax auditing? Thanks.",High,Pending Customer,Email
TCK-10593,Aarav Brown,aarav.brown20@example.com,Order Status,Help needed: Order #218059 is shown as 'Preparing for dispatch' since Monday. Customer care bot is not providing meaningful updates. This is very frustrating.,Medium,Pending Customer,Email
TCK-10936,William Gupta,william.gupta54@example.com,Technical Support,Urgent: Database sync is failing between the mobile client and the cloud server. Offline edits are completely lost upon reconnecting. Let me know how to proceed.,Critical,Resolved,Email
TCK-11353,Sophia Williams,sophia.williams77@example.com,Product Complaint,"Hey, Missing essential accessories: the package did not include the power charging adapter and USB cable specified on the box. Thanks.",Medium,Open,Live Chat
TCK-10681,Aarav Davis,aarav.davis85@example.com,Refund Request,"Dear Customer Service, I want to return this unopened item and get a direct refund rather than store credit vouchers. Please advise on the return label. Appreciate your quick assistance.",Medium,Pending Customer,Live Chat
TCK-10961,Isabella Johnson,isabella.johnson76@example.com,Technical Support,Urgent: The REST API returns 429 Too Many Requests even though our traffic is well under the 60 requests/minute tier quota limit. Kindly advise.,Critical,Pending Customer,Live Chat
TCK-10633,Alex Johnson,alex.johnson71@example.com,Refund Request,"Hi Support Team, Overcharged by $30.99 due to recurring billing glitch after account cancellation. Please reverse and refund this immediately.",Critical,Open,Mobile App
TCK-10631,Alex Wang,alex.wang63@example.com,Refund Request,I want my money back for the defective item I returned last week. Please process the credit immediately. Looking forward to your prompt response.,Critical,Open,Web Portal
TCK-11134,Nikhil Chen,nikhil.chen55@example.com,Account Issue,"Good day, I would like to permanently delete my account and erase all associated personal data in accordance with GDPR regulations. Let me know how to proceed.",Low,Resolved,Live Chat
TCK-10472,Sophia Martinez,sophia.martinez83@example.com,Order Status,"Hello, The tracking dashboard says 'Exception: Delay due to weather conditions'. How many days of delay should I anticipate? Please help me resolve this ASAP.",Critical,Pending Customer,Email
TCK-10345,Morgan Tanaka,morgan.tanaka68@example.com,Login Problem,"Hey, My account says 'Account Temporarily Locked due to too many failed attempts'. How do I unlock it? I need access for my work urgently. Please help me resolve this ASAP.",High,Resolved,Mobile App
TCK-10260,Mia Sharma,mia.sharma58@example.com,Login Problem,Urgent: My team member left the company and we need to revoke their login access and transfer the admin account ownership to my email. Thank you!,High,Resolved,Live Chat
TCK-11411,Priya Smith,priya.smith25@example.com,Delivery Issue,"Hello, My parcel was sent to the wrong delivery hub across the country due to a barcode sorting misroute. Need urgent reroute. Let me know how to proceed.",Critical,Resolved,Email
TCK-10655,Avery Brown,avery.brown76@example.com,Refund Request,"Hey, I want to return this unopened item and get a direct refund rather than store credit vouchers. Please advise on the return label. This is very frustrating.",Medium,Open,Live Chat
TCK-10152,Sophia Wang,sophia.wang44@example.com,Payment Issue,"Hey, My Apple Pay transaction timed out at final review, yet my credit limit shows the hold. Did the payment clear or should I retry? Let me know how to proceed.",Low,Pending Customer,Live Chat
TCK-10420,William Chen,william.chen73@example.com,Order Status,To whom it may concern: Is there any update on the backordered item in order #488763? It has been 2 weeks since the expected restock date. Appreciate your quick assistance.,Low,In Progress,Web Portal
TCK-10833,Michael Chen,michael.chen56@example.com,Technical Support,"Dear Customer Service, Search functionality in the app is broken; typing any search query returns an unhandled React error in the browser console. Thank you!",Medium,Resolved,Mobile App
TCK-10365,Sophia Gupta,sophia.gupta71@example.com,Login Problem,"Hello, I get 'Session expired - please login again' immediately after entering my correct username and password. Infinite loop bug.",Critical,Pending Customer,Mobile App
TCK-10075,Mia Tanaka,mia.tanaka97@example.com,Payment Issue,"Dear Customer Service, My payment failed during checkout using my Amex card, but money got deducted from my bank account. Order ID: #574413.",Medium,Resolved,Web Portal
TCK-11012,Daniel Williams,daniel.williams58@example.com,Account Issue,"Dear Customer Service, My student discount verification was approved by SheerID, but my subscription billing still shows standard commercial price. Thanks.",Low,Resolved,Live Chat
TCK-11310,Charlotte Johnson,charlotte.johnson37@example.com,Product Complaint,"Hey, The zipper on this leather backpack broke off on day two of use. This is unacceptable for a luxury price product. Please help me resolve this ASAP.",Critical,Open,Live Chat
TCK-11397,Aarav Gupta,aarav.gupta80@example.com,Product Complaint,"Good day, The wireless earbuds have terrible battery life, dying in less than 45 minutes instead of the advertised 8 hours of playback. Let me know how to proceed.",Low,Resolved,Web Portal
TCK-11003,Emma Rodriguez,emma.rodriguez77@example.com,Account Issue,"How do I download a complete archive copy of my account data, purchase history, and uploaded invoices for tax auditing?",Low,Open,Live Chat
TCK-11172,William Chen,william.chen48@example.com,Account Issue,"Dear Customer Service, We are receiving marketing emails and promotional newsletters even though all communication preferences are disabled in my profile. Thank you!",Low,Pending Customer,Web Portal
TCK-11523,Priya Williams,priya.williams61@example.com,Delivery Issue,"Hi Support Team, Estimated delivery date has changed 4 times this week. First Monday, then Wednesday, now next week. Highly unreliable service. Kindly advise.",Low,Resolved,Web Portal
TCK-10384,Charlotte Johnson,charlotte.johnson26@example.com,Login Problem,"Dear Customer Service, Two-factor authentication code (2FA) is not arriving on my phone number. I have been locked out of my portal for 4 hours. Thank you!",High,In Progress,Live Chat
TCK-10948,Morgan Smith,morgan.smith32@example.com,Technical Support,To whom it may concern: Getting HTTP 500 Internal Server Error whenever I click on the 'Export PDF Report' button in the dashboard analytics module. Appreciate your quick assistance.,Medium,Resolved,Live Chat
TCK-10053,Jordan Singh,jordan.singh75@example.com,Payment Issue,"Help needed: Every time I try to complete payment using Google Pay, the checkout page refreshes and clears my shopping bag without placing the order. Please help me resolve this ASAP.",Critical,Pending Customer,Email
TCK-11507,Charlotte Kim,charlotte.kim48@example.com,Delivery Issue,"To whom it may concern: Requested weekend delivery when placing order #836310, but carrier attempted delivery on Wednesday during work hours. Appreciate your quick assistance.",Low,Resolved,Mobile App
TCK-10574,Avery Singh,avery.singh83@example.com,Order Status,Urgent: The tracking link provided in your email opens a blank page with error 'Tracking number not recognized by carrier'. Order #690563.,Critical,Pending Customer,Email
TCK-10474,Ethan Johnson,ethan.johnson50@example.com,Order Status,"Good day, The tracking dashboard says 'Exception: Delay due to weather conditions'. How many days of delay should I anticipate? Kindly advise.",Low,Pending Customer,Mobile App
TCK-11277,Ethan Sharma,ethan.sharma91@example.com,Product Complaint,"Good day, The material of this winter coat is extremely cheap and thin, completely different from what was advertised in your product photos. Looking forward to your prompt response.",Low,Pending Customer,Web Portal
TCK-11155,Aarav Rodriguez,aarav.rodriguez92@example.com,Account Issue,"Hi Support Team, Our team seat count is capped at 5, but our invoice shows 10 active licenses. Please audit our user seats and adjust the billing tier. Thank you!",Low,Resolved,Live Chat
TCK-10647,Ethan Williams,ethan.williams24@example.com,Refund Request,Urgent: I want my money back for the defective item I returned last week. Please process the credit immediately. Let me know how to proceed.,High,Resolved,Email
TCK-10217,Olivia Sharma,olivia.sharma20@example.com,Login Problem,"Hello, I cannot log into my account. When I submit my password, the screen displays 'Invalid Credentials' even though I just reset it. This is very frustrating.",High,In Progress,Live Chat
TCK-11599,James Johnson,james.johnson38@example.com,Delivery Issue,Courier says delivery address is 'Incomplete / Missing Apt Number' even though my order confirmation shows complete details.,Medium,Pending Customer,Web Portal
TCK-10515,Michael Martinez,michael.martinez49@example.com,Order Status,"Hi Support Team, Could you confirm if order #469416 has been dispatched? The estimated arrival date was today, but no courier updates yet. Looking forward to your prompt response.",Low,Open,Email
TCK-10190,Ananya Davis,ananya.davis15@example.com,Payment Issue,"My Apple Pay transaction timed out at final review, yet my credit limit shows the hold. Did the payment clear or should I retry? Thanks.",Medium,Resolved,Email
TCK-11148,Jordan Smith,jordan.smith55@example.com,Account Issue,"Hey, Unable to modify my shipping address in saved profile settings. The 'Save Address' button stays greyed out. Thank you!",Low,Resolved,Web Portal
TCK-11214,Avery Sharma,avery.sharma52@example.com,Product Complaint,"Hi Support Team, The blender motor started smoking and smelled like burning plastic on its very first usage at normal speed setting. Dangerous hazard.",Critical,Resolved,Mobile App
TCK-10828,Isabella Sharma,isabella.sharma42@example.com,Technical Support,"Help needed: SSL certificate on your webhook callback domain appears to have expired yesterday, causing all our automated background jobs to fail. Thanks.",Low,Open,Live Chat
TCK-11004,Rahul Patel,rahul.patel43@example.com,Account Issue,"I upgraded my plan from Basic to Pro, but my account dashboard is still displaying Basic tier limits and restrictions. Thank you!",Low,In Progress,Mobile App
TCK-10856,Neha Wang,neha.wang50@example.com,Technical Support,"Hello, Our developers are unable to integrate the Webhook endpoint. Incoming POST payloads are missing the signature verification header.",Low,In Progress,Email
TCK-11455,Ananya Lee,ananya.lee81@example.com,Delivery Issue,"Good day, Delivery address was updated to my new apartment, but the package was dispatched to my old address in another city. Thanks.",Medium,Open,Web Portal
TCK-11385,Pat Chen,pat.chen41@example.com,Product Complaint,"Hello, The wireless earbuds have terrible battery life, dying in less than 45 minutes instead of the advertised 8 hours of playback. Please help me resolve this ASAP.",Critical,Open,Email
TCK-11052,Morgan Gupta,morgan.gupta39@example.com,Account Issue,How can I merge two accounts created under different email addresses so all my purchased licenses are under one master profile? Thank you!,Low,Resolved,Web Portal
TCK-10109,Riley Jones,riley.jones46@example.com,Payment Issue,"Hey, Attempting to pay via PayPal gives error code PAY_9021. The payment processing loop just hangs without confirmation. Kindly advise.",Medium,Open,Email
TCK-10933,Neha Davis,neha.davis54@example.com,Technical Support,"File upload feature fails for files larger than 15MB with 'Payload Too Large' error, despite our plan allowing up to 100MB uploads. Thank you!",Low,In Progress,Mobile App
TCK-11396,Jordan Jones,jordan.jones85@example.com,Product Complaint,Urgent: The non-stick frying pan coating began peeling and flaking into food after just three gentle hand-wash cleanings. Thank you!,High,Open,Mobile App
TCK-10686,Taylor Martinez,taylor.martinez68@example.com,Refund Request,"Good day, The flight ticket was cancelled due to schedule changes by your airline partner. I demand a prompt 100% cash refund. Looking forward to your prompt response.",Low,Pending Customer,Live Chat
TCK-11463,Pat Williams,pat.williams70@example.com,Delivery Issue,"Hi Support Team, Courier says delivery address is 'Incomplete / Missing Apt Number' even though my order confirmation shows complete details. Thank you!",Medium,Open,Email
TCK-10725,David Kim,david.kim58@example.com,Refund Request,To whom it may concern: Sent the package back via postal return. Where is my refund? It has been over two weeks. This is very frustrating.,High,Open,Web Portal
TCK-11127,Nikhil Kim,nikhil.kim73@example.com,Account Issue,"Hi Support Team, How do I download a complete archive copy of my account data, purchase history, and uploaded invoices for tax auditing? Thank you!",Medium,Resolved,Email
TCK-10853,Chris Johnson,chris.johnson78@example.com,Technical Support,"Good day, Search functionality in the app is broken; typing any search query returns an unhandled React error in the browser console.",High,Pending Customer,Web Portal
TCK-11302,Michael Lee,michael.lee11@example.com,Product Complaint,"Help needed: The wireless earbuds have terrible battery life, dying in less than 45 minutes instead of the advertised 8 hours of playback. Kindly advise.",Low,Resolved,Live Chat
TCK-10968,Aarav Kim,aarav.kim67@example.com,Technical Support,Urgent: The browser extension freezes Chrome tabs when scrolling through large document lists. Need an updated patch or workaround. This is very frustrating.,Critical,Pending Customer,Email
TCK-10442,Ethan Verma,ethan.verma19@example.com,Order Status,"To whom it may concern: Could you confirm if order #141363 has been dispatched? The estimated arrival date was today, but no courier updates yet. Let me know how to proceed.",Medium,Open,Mobile App
TCK-11056,Ethan Brown,ethan.brown72@example.com,Account Issue,"Help needed: I want to change my account phone number for security verification, but the system prompts me to verify via the old number which is deactivated. Please help me resolve this ASAP.",Critical,Open,Email
TCK-10892,Riley Patel,riley.patel89@example.com,Technical Support,"Hello, Our developers are unable to integrate the Webhook endpoint. Incoming POST payloads are missing the signature verification header. Let me know how to proceed.",Low,In Progress,Web Portal
TCK-10428,Morgan Patel,morgan.patel26@example.com,Order Status,"Hey, Could you confirm if order #570309 has been dispatched? The estimated arrival date was today, but no courier updates yet. Thank you!",Medium,Resolved,Web Portal
TCK-10315,Pat Lee,pat.lee10@example.com,Login Problem,"Help needed: Password requirements page won't accept my 16-character secure passphrase, stating it contains illegal characters. Thank you!",Low,In Progress,Mobile App
TCK-10520,Mia Williams,mia.williams50@example.com,Order Status,Can you send me the invoice and live GPS tracking link for order #849734 placed under my business account? Let me know how to proceed.,Low,Open,Live Chat
TCK-10482,Taylor Verma,taylor.verma82@example.com,Order Status,"Hello, I need to check the delivery timeline for purchase #900563. Will it reach before Friday as I am traveling out of state? This is very frustrating.",Medium,In Progress,Live Chat
TCK-10121,Rahul Brown,rahul.brown87@example.com,Payment Issue,"Help needed: My Apple Pay transaction timed out at final review, yet my credit limit shows the hold. Did the payment clear or should I retry?",Low,Resolved,Mobile App
TCK-10551,Sophia Singh,sophia.singh72@example.com,Order Status,"Good day, Order #335992 has been stuck on 'Processing in Warehouse' for over a week. When will it actually ship out? Kindly advise.",Medium,Resolved,Mobile App
TCK-11372,Neha Singh,neha.singh23@example.com,Product Complaint,"Hi Support Team, Product description claimed this monitor has built-in speakers and HDR support, but the unit received lacks both features entirely. Thank you!",Medium,Resolved,Web Portal
TCK-10859,Michael Garcia,michael.garcia44@example.com,Technical Support,"Dear Customer Service, The browser extension freezes Chrome tabs when scrolling through large document lists. Need an updated patch or workaround.",Low,Resolved,Email
TCK-10826,David Verma,david.verma67@example.com,Technical Support,"Good day, Mobile app push notifications are completely failing on Android 14 devices. Permissions are enabled in system settings. Kindly advise.",Low,Open,Web Portal
TCK-10448,Emma Davis,emma.davis72@example.com,Order Status,"Hello, Can you please provide the latest tracking status for my order #421266? Placed it 6 days ago and haven't received any dispatch email. Thank you!",Medium,In Progress,Web Portal
TCK-10282,Neha Williams,neha.williams86@example.com,Login Problem,"Hello, When I try to login from my home office IP address, it flags 'Suspicious login detected' and blocks my access completely.",Low,In Progress,Live Chat
TCK-10536,Michael Brown,michael.brown40@example.com,Order Status,Help needed: The tracking dashboard says 'Exception: Delay due to weather conditions'. How many days of delay should I anticipate?,Low,Resolved,Live Chat
TCK-10370,Alex Patel,alex.patel11@example.com,Login Problem,To whom it may concern: Verification code sent to authenticator app (Google Authenticator) says 'Code expired' every time I type it in. Thank you!,Low,Open,Web Portal
TCK-10148,Jordan Rodriguez,jordan.rodriguez21@example.com,Payment Issue,"Hello, I cannot add my new credit card in the billing settings. It shows 'Tokenization Failed - invalid CVV' even though CVV is completely correct. Appreciate your quick assistance.",High,Resolved,Live Chat
TCK-10488,Aarav Tanaka,aarav.tanaka56@example.com,Order Status,"Hello, Is there any update on the backordered item in order #524037? It has been 2 weeks since the expected restock date. Please help me resolve this ASAP.",High,Open,Email
TCK-10635,Neha Patel,neha.patel73@example.com,Refund Request,To whom it may concern: I cancelled order #544627 within 30 minutes of placing it. Please confirm when the refund will reflect in my bank account. This is very frustrating.,Medium,Pending Customer,Web Portal
TCK-11391,Morgan Miller,morgan.miller63@example.com,Product Complaint,The camera lens has internal dust particles sealed beneath the glass element which blurs every photo taken. This is very frustrating.,Medium,Pending Customer,Live Chat
TCK-10845,Chris Brown,chris.brown52@example.com,Technical Support,Urgent: Getting HTTP 500 Internal Server Error whenever I click on the 'Export PDF Report' button in the dashboard analytics module. Thank you!,Critical,In Progress,Email
TCK-11210,Emma Jones,emma.jones35@example.com,Product Complaint,"Good day, Product description claimed this monitor has built-in speakers and HDR support, but the unit received lacks both features entirely. Thank you!",Medium,In Progress,Web Portal
TCK-10640,Nikhil Chen,nikhil.chen34@example.com,Refund Request,Urgent: Can I get a refund back to my original payment method? I have already shipped the return item. Appreciate your quick assistance.,High,Open,Mobile App
TCK-11346,Olivia Wang,olivia.wang23@example.com,Product Complaint,The zipper on this leather backpack broke off on day two of use. This is unacceptable for a luxury price product. Thank you!,Medium,In Progress,Email
TCK-10019,Daniel Martinez,daniel.martinez66@example.com,Payment Issue,Help needed: Automatic renewal charged my expired card somehow and gave an overdue penalty of $314.00. Please fix my payment method. Let me know how to proceed.,Low,Pending Customer,Web Portal
TCK-11171,Rahul Rodriguez,rahul.rodriguez55@example.com,Account Issue,"Hello, I need to change my primary registered email address from old@example.com to new@example.com because I lost access to the old email provider. Please help me resolve this ASAP.",High,Pending Customer,Web Portal
TCK-10236,James Miller,james.miller58@example.com,Login Problem,"Hey, I changed my registered email address last week, and now neither the old nor the new email is recognized by the login system. Kindly advise.",Medium,Pending Customer,Live Chat
TCK-10057,Riley Lee,riley.lee63@example.com,Payment Issue,Urgent: Automatic renewal charged my expired card somehow and gave an overdue penalty of $504.99. Please fix my payment method. Thanks.,Critical,Open,Mobile App
TCK-11101,Priya Lee,priya.lee49@example.com,Account Issue,I need to change my primary registered email address from old@example.com to new@example.com because I lost access to the old email provider.,Low,In Progress,Web Portal
TCK-10528,Priya Chen,priya.chen30@example.com,Order Status,Urgent: Where is my package for order #180821? The courier tracking shows 'Manifest Created' but carrier has not picked it up. Let me know how to proceed.,Critical,Pending Customer,Mobile App
TCK-11223,Amelia Smith,amelia.smith75@example.com,Product Complaint,"Hey, The camera lens has internal dust particles sealed beneath the glass element which blurs every photo taken. Thank you!",Low,Open,Web Portal
TCK-11205,Daniel Davis,daniel.davis76@example.com,Product Complaint,"Good day, The size chart provided on your website is completely inaccurate. The XL shirt fits like a small medium. Requesting an exchange. This is very frustrating.",Medium,Resolved,Web Portal
TCK-10128,Chris Sharma,chris.sharma40@example.com,Payment Issue,"Hi Support Team, I was charged twice on my credit card for order #615028. Please check your billing system and reverse the duplicate $408.50 charge immediately. Please help me resolve this ASAP.",Critical,Pending Customer,Mobile App
TCK-11234,Rahul Tanaka,rahul.tanaka72@example.com,Product Complaint,"Hi Support Team, The smartphone display screen arrived with multiple visible scratches and a dead pixel in the center. Very poor quality control. Please help me resolve this ASAP.",Critical,Open,Mobile App
TCK-11551,Neha Rodriguez,neha.rodriguez44@example.com,Delivery Issue,"Dear Customer Service, The delivery status has said 'Out for Delivery' for three consecutive days from 8 AM to 9 PM, but driver never shows up. Appreciate your quick assistance.",Low,Pending Customer,Live Chat
TCK-10167,Aarav Patel,aarav.patel98@example.com,Payment Issue,Help needed: Why is my debit card being declined at the payment screen? There are sufficient funds available and my bank says the merchant gateway is rejecting it. Let me know how to proceed.,Medium,Resolved,Live Chat
TCK-11174,David Williams,david.williams31@example.com,Account Issue,"Hello, Need to remove a former administrator from our organization workspace and reassign all project ownership to my user ID. Let me know how to proceed.",Medium,Pending Customer,Live Chat
TCK-10043,Chris Patel,chris.patel85@example.com,Payment Issue,"Hi Support Team, Why is my debit card being declined at the payment screen? There are sufficient funds available and my bank says the merchant gateway is rejecting it. Let me know how to proceed.",Low,Open,Web Portal
TCK-10235,Casey Jones,casey.jones38@example.com,Login Problem,To whom it may concern: My team member left the company and we need to revoke their login access and transfer the admin account ownership to my email. Looking forward to your prompt response.,Low,In Progress,Mobile App
TCK-11071,William Johnson,william.johnson96@example.com,Account Issue,"To whom it may concern: I upgraded my plan from Basic to Pro, but my account dashboard is still displaying Basic tier limits and restrictions. This is very frustrating.",High,In Progress,Web Portal
TCK-10629,Taylor Wang,taylor.wang49@example.com,Refund Request,"You approved my return request last Tuesday, but I have not received the credit note or refund payment confirmation yet. Appreciate your quick assistance.",Low,In Progress,Email
TCK-10697,Chris Tanaka,chris.tanaka40@example.com,Refund Request,"Good day, I want to return this unopened item and get a direct refund rather than store credit vouchers. Please advise on the return label. Looking forward to your prompt response.",Medium,Open,Live Chat
TCK-11130,Michael Wang,michael.wang67@example.com,Account Issue,We are receiving marketing emails and promotional newsletters even though all communication preferences are disabled in my profile. Let me know how to proceed.,Low,Resolved,Mobile App
TCK-11018,Alex Tanaka,alex.tanaka76@example.com,Account Issue,"To whom it may concern: My account profile picture and username will not update. It says 'Profile updated successfully', but old details remain. This is very frustrating.",High,Open,Mobile App
TCK-11042,Emma Lee,emma.lee20@example.com,Account Issue,Unable to modify my shipping address in saved profile settings. The 'Save Address' button stays greyed out. Kindly advise.,Medium,In Progress,Mobile App
TCK-10671,Alex Tanaka,alex.tanaka68@example.com,Refund Request,To whom it may concern: Returned package was delivered to your warehouse according to FedEx tracking #REF-51359. When will inspection complete and refund issue? Looking forward to your prompt response.,Medium,In Progress,Email
TCK-10169,Ananya Davis,ananya.davis51@example.com,Payment Issue,"Good day, My Apple Pay transaction timed out at final review, yet my credit limit shows the hold. Did the payment clear or should I retry? Let me know how to proceed.",Low,Open,Mobile App
TCK-11296,Morgan Martinez,morgan.martinez21@example.com,Product Complaint,To whom it may concern: The software license key printed on the inside card says 'Already Redeemed by another user'. I bought this brand new sealed. Looking forward to your prompt response.,Low,Open,Web Portal
TCK-11365,Olivia Patel,olivia.patel24@example.com,Product Complaint,"Hello, The blender motor started smoking and smelled like burning plastic on its very first usage at normal speed setting. Dangerous hazard. Thanks.",Critical,Pending Customer,Email
TCK-10015,Jordan Williams,jordan.williams73@example.com,Payment Issue,"Hello, Payment went through and I have bank reference #REF-94053, but the cart still says 'Awaiting Payment' and did not issue an order receipt. Looking forward to your prompt response.",Low,Resolved,Live Chat
TCK-10462,Mia Martinez,mia.martinez46@example.com,Order Status,Can you send me the invoice and live GPS tracking link for order #752447 placed under my business account? Thanks.,Low,In Progress,Web Portal
TCK-11180,Ethan Gupta,ethan.gupta55@example.com,Account Issue,"Hey, I would like to permanently delete my account and erase all associated personal data in accordance with GDPR regulations. Thank you!",Medium,In Progress,Web Portal
TCK-11188,Taylor Brown,taylor.brown22@example.com,Account Issue,"Hello, Unable to modify my shipping address in saved profile settings. The 'Save Address' button stays greyed out. Thank you!",Low,Resolved,Web Portal
TCK-11067,Sophia Verma,sophia.verma74@example.com,Account Issue,"Dear Customer Service, I need to change my primary registered email address from old@example.com to new@example.com because I lost access to the old email provider. Kindly advise.",Low,Pending Customer,Live Chat
TCK-10989,Amelia Singh,amelia.singh33@example.com,Technical Support,"Good day, Mobile app push notifications are completely failing on Android 14 devices. Permissions are enabled in system settings. Looking forward to your prompt response.",Low,Open,Web Portal
TCK-10475,David Davis,david.davis79@example.com,Order Status,"Urgent: Could you confirm if order #910931 has been dispatched? The estimated arrival date was today, but no courier updates yet. Kindly advise.",High,Open,Web Portal
TCK-11198,Ananya Patel,ananya.patel19@example.com,Account Issue,Help needed: Unable to modify my shipping address in saved profile settings. The 'Save Address' button stays greyed out. Please help me resolve this ASAP.,Critical,Open,Email
TCK-11492,Jordan Martinez,jordan.martinez74@example.com,Delivery Issue,"Help needed: Estimated delivery date has changed 4 times this week. First Monday, then Wednesday, now next week. Highly unreliable service. Let me know how to proceed.",Low,Pending Customer,Web Portal
TCK-11569,Chris Williams,chris.williams94@example.com,Delivery Issue,"Courier marked my package as 'Delivered to resident', but no one was home and there is no package on the porch or with neighbors. Let me know how to proceed.",Low,Resolved,Mobile App
TCK-10805,Chris Martinez,chris.martinez80@example.com,Technical Support,To whom it may concern: The desktop application crashes immediately upon opening on macOS Sonoma. Error log mentions 'Segmentation fault at 0x000003'. Thanks.,Critical,Pending Customer,Email
TCK-10240,Ananya Sharma,ananya.sharma76@example.com,Login Problem,Help needed: My team member left the company and we need to revoke their login access and transfer the admin account ownership to my email. This is very frustrating.,Medium,In Progress,Mobile App
TCK-11328,Alexander Davis,alexander.davis39@example.com,Product Complaint,To whom it may concern: The size chart provided on your website is completely inaccurate. The XL shirt fits like a small medium. Requesting an exchange. Appreciate your quick assistance.,Medium,Pending Customer,Web Portal
TCK-11065,Olivia Williams,olivia.williams19@example.com,Account Issue,"Hello, I need to change my primary registered email address from old@example.com to new@example.com because I lost access to the old email provider. Let me know how to proceed.",Low,Pending Customer,Email
TCK-10037,David Johnson,david.johnson43@example.com,Payment Issue,"I used a promo coupon code offering $30 discount, but my final invoice charged the full price without the promotional deduction. Thank you!",Low,In Progress,Web Portal
TCK-10342,Avery Wang,avery.wang39@example.com,Login Problem,"Dear Customer Service, I clicked 'Forgot Password' multiple times, but the password reset link email never arrives in my inbox or spam folder. Thank you!",Medium,Resolved,Mobile App
TCK-10001,Daniel Davis,daniel.davis61@example.com,Payment Issue,"My Apple Pay transaction timed out at final review, yet my credit limit shows the hold. Did the payment clear or should I retry? This is very frustrating.",High,Open,Email
TCK-10836,Michael Gupta,michael.gupta13@example.com,Technical Support,Help needed: The browser extension freezes Chrome tabs when scrolling through large document lists. Need an updated patch or workaround. Looking forward to your prompt response.,Low,In Progress,Web Portal
TCK-10038,Daniel Johnson,daniel.johnson25@example.com,Payment Issue,"Good day, The installment payment option failed to split my bill, and you deducted the full amount of $311.50 at once. Please correct the installment plan. Kindly advise.",Medium,Open,Email
TCK-11417,Riley Garcia,riley.garcia73@example.com,Delivery Issue,"The courier attempted delivery at 6:30 AM without ringing the doorbell, left a 'Failed Attempt' slip, and returned it to the depot. Looking forward to your prompt response.",Medium,In Progress,Email
TCK-10453,Nikhil Smith,nikhil.smith90@example.com,Order Status,"Dear Customer Service, Can you please provide the latest tracking status for my order #307088? Placed it 6 days ago and haven't received any dispatch email. This is very frustrating.",Medium,Resolved,Live Chat
TCK-11326,Mia Brown,mia.brown67@example.com,Product Complaint,To whom it may concern: The zipper on this leather backpack broke off on day two of use. This is unacceptable for a luxury price product. Thanks.,Low,Pending Customer,Mobile App
TCK-10977,Riley Miller,riley.miller54@example.com,Technical Support,"Hey, Search functionality in the app is broken; typing any search query returns an unhandled React error in the browser console.",High,Pending Customer,Mobile App
TCK-10487,Taylor Davis,taylor.davis94@example.com,Order Status,"Dear Customer Service, The tracking dashboard says 'Exception: Delay due to weather conditions'. How many days of delay should I anticipate? Looking forward to your prompt response.",Low,Open,Live Chat
TCK-10352,Morgan Lee,morgan.lee33@example.com,Login Problem,"Urgent: Unable to sign in on Chrome desktop browser. Clearing cookies and cache did not help, getting 'Error 401 Unauthorized'. Let me know how to proceed.",Critical,Pending Customer,Web Portal
TCK-10340,James Smith,james.smith53@example.com,Login Problem,"Hi Support Team, When I try to login from my home office IP address, it flags 'Suspicious login detected' and blocks my access completely. Kindly advise.",Low,Open,Live Chat
TCK-10356,William Rodriguez,william.rodriguez46@example.com,Login Problem,"Dear Customer Service, Two-factor authentication code (2FA) is not arriving on my phone number. I have been locked out of my portal for 4 hours. Let me know how to proceed.",Critical,Resolved,Email
TCK-11318,Neha Johnson,neha.johnson20@example.com,Product Complaint,To whom it may concern: The size chart provided on your website is completely inaccurate. The XL shirt fits like a small medium. Requesting an exchange. This is very frustrating.,High,In Progress,Email
TCK-10811,Priya Johnson,priya.johnson56@example.com,Technical Support,"Hello, Our developers are unable to integrate the Webhook endpoint. Incoming POST payloads are missing the signature verification header. Kindly advise.",Medium,Pending Customer,Web Portal
TCK-10928,Ethan Martinez,ethan.martinez81@example.com,Technical Support,Exported CSV files have corrupted text formatting and broken UTF-8 encoding for international non-English characters. Let me know how to proceed.,High,Pending Customer,Email
TCK-10074,Taylor Singh,taylor.singh99@example.com,Payment Issue,"Hey, You charged me an extra $448.75 processing fee which was not shown on the checkout summary page. I need this rectified. Kindly advise.",Medium,Open,Web Portal
TCK-10308,Rahul Williams,rahul.williams74@example.com,Login Problem,"Good day, My account says 'Account Temporarily Locked due to too many failed attempts'. How do I unlock it? I need access for my work urgently.",Critical,Pending Customer,Email
TCK-10292,Riley Garcia,riley.garcia96@example.com,Login Problem,Urgent: My account says 'Account Temporarily Locked due to too many failed attempts'. How do I unlock it? I need access for my work urgently. Looking forward to your prompt response.,High,Open,Live Chat
TCK-10916,Emma Tanaka,emma.tanaka21@example.com,Technical Support,"Good day, Mobile app push notifications are completely failing on Android 14 devices. Permissions are enabled in system settings. Please help me resolve this ASAP.",Critical,Pending Customer,Email
TCK-11412,Olivia Gupta,olivia.gupta77@example.com,Delivery Issue,To whom it may concern: Package is held at customs clearance depot for 8 days because the shipping invoice documentation was missing from the parcel. Appreciate your quick assistance.,Low,Open,Mobile App
TCK-10658,Olivia Martinez,olivia.martinez58@example.com,Refund Request,Help needed: I want my money back for the defective item I returned last week. Please process the credit immediately. Thanks.,Critical,In Progress,Mobile App
TCK-11184,Alexander Kim,alexander.kim36@example.com,Account Issue,"Urgent: My account profile picture and username will not update. It says 'Profile updated successfully', but old details remain. This is very frustrating.",High,Open,Live Chat
TCK-11377,Rahul Davis,rahul.davis25@example.com,Product Complaint,"Good day, The material of this winter coat is extremely cheap and thin, completely different from what was advertised in your product photos. This is very frustrating.",High,Pending Customer,Live Chat
TCK-11301,Rahul Tanaka,rahul.tanaka16@example.com,Product Complaint,"Fragile glass vase was shipped without adequate bubble wrap or protective padding, arriving completely shattered into pieces. This is very frustrating.",High,In Progress,Web Portal
TCK-10779,Riley Smith,riley.smith59@example.com,Refund Request,"Good day, How long does it take for a refund to show on a Visa debit card? Your support agent said 3-5 business days, but today is day 9. Let me know how to proceed.",Medium,In Progress,Web Portal
TCK-10332,Charlotte Williams,charlotte.williams41@example.com,Login Problem,"Password requirements page won't accept my 16-character secure passphrase, stating it contains illegal characters. Thanks.",Low,Pending Customer,Mobile App
TCK-10011,Emma Garcia,emma.garcia43@example.com,Payment Issue,"Hello, My payment failed during checkout using my Debit card, but money got deducted from my bank account. Order ID: #122648. Appreciate your quick assistance.",High,In Progress,Web Portal
TCK-10414,Isabella Wang,isabella.wang41@example.com,Order Status,"Hello, Order #715614 has been stuck on 'Processing in Warehouse' for over a week. When will it actually ship out? Kindly advise.",Medium,Resolved,Mobile App
TCK-11415,Ethan Wang,ethan.wang77@example.com,Delivery Issue,"Good day, The courier driver refused to bring the heavy 45kg parcel up to my apartment floor, leaving it on the street sidewalk. Appreciate your quick assistance.",Low,Open,Web Portal
TCK-10059,Nikhil Miller,nikhil.miller78@example.com,Payment Issue,"Hello, I cannot add my new credit card in the billing settings. It shows 'Tokenization Failed - invalid CVV' even though CVV is completely correct.",High,Pending Customer,Live Chat
TCK-11097,Amelia Miller,amelia.miller41@example.com,Account Issue,"Hello, I would like to permanently delete my account and erase all associated personal data in accordance with GDPR regulations. Thank you!",Low,Pending Customer,Live Chat
TCK-10303,William Singh,william.singh85@example.com,Login Problem,"Good day, Verification code sent to authenticator app (Google Authenticator) says 'Code expired' every time I type it in. This is very frustrating.",High,In Progress,Live Chat
TCK-11474,Alex Miller,alex.miller48@example.com,Delivery Issue,Help needed: My parcel was sent to the wrong delivery hub across the country due to a barcode sorting misroute. Need urgent reroute. Appreciate your quick assistance.,Critical,Resolved,Live Chat
TCK-11219,Avery Gupta,avery.gupta81@example.com,Product Complaint,"Hello, The blender motor started smoking and smelled like burning plastic on its very first usage at normal speed setting. Dangerous hazard. Let me know how to proceed.",Critical,Resolved,Mobile App
TCK-11431,Chris Singh,chris.singh45@example.com,Delivery Issue,"Dear Customer Service, The courier attempted delivery at 6:30 AM without ringing the doorbell, left a 'Failed Attempt' slip, and returned it to the depot. Kindly advise.",Medium,Resolved,Mobile App
TCK-11162,Alex Tanaka,alex.tanaka48@example.com,Account Issue,"Hello, Our team seat count is capped at 5, but our invoice shows 10 active licenses. Please audit our user seats and adjust the billing tier. This is very frustrating.",High,In Progress,Live Chat
TCK-10813,Olivia Williams,olivia.williams38@example.com,Technical Support,"Hello, Search functionality in the app is broken; typing any search query returns an unhandled React error in the browser console. Kindly advise.",High,Open,Live Chat
TCK-10750,Mia Verma,mia.verma35@example.com,Refund Request,Urgent: The return courier picked up the parcel from my doorstep on Monday. Kindly initiate the refund to my original payment source. Kindly advise.,High,Open,Web Portal
TCK-11422,Daniel Miller,daniel.miller56@example.com,Delivery Issue,To whom it may concern: My delivery is delayed by over 6 business days with zero explanations from the courier service. Placed order #992421. Appreciate your quick assistance.,Medium,In Progress,Mobile App
TCK-11079,Morgan Davis,morgan.davis16@example.com,Account Issue,"Dear Customer Service, How can I merge two accounts created under different email addresses so all my purchased licenses are under one master profile? Kindly advise.",Low,Resolved,Live Chat
TCK-10497,Avery Garcia,avery.garcia96@example.com,Order Status,"Dear Customer Service, My order status abruptly changed from 'Shipped' back to 'On Hold'. What is the reason for this hold? Let me know how to proceed.",Medium,Pending Customer,Live Chat
TCK-11342,Nikhil Singh,nikhil.singh16@example.com,Product Complaint,"Help needed: The wireless earbuds have terrible battery life, dying in less than 45 minutes instead of the advertised 8 hours of playback. Let me know how to proceed.",Low,In Progress,Email
TCK-11490,Casey Chen,casey.chen72@example.com,Delivery Issue,"Dear Customer Service, Estimated delivery date has changed 4 times this week. First Monday, then Wednesday, now next week. Highly unreliable service.",Medium,Resolved,Mobile App
TCK-10560,Alex Garcia,alex.garcia27@example.com,Order Status,Order #383526 is shown as 'Preparing for dispatch' since Monday. Customer care bot is not providing meaningful updates. This is very frustrating.,Medium,Resolved,Live Chat
TCK-11165,Pat Singh,pat.singh70@example.com,Account Issue,"Hey, I need to change my primary registered email address from old@example.com to new@example.com because I lost access to the old email provider. Looking forward to your prompt response.",Medium,Resolved,Web Portal
TCK-10204,Olivia Tanaka,olivia.tanaka79@example.com,Login Problem,"Hello, When I try to login from my home office IP address, it flags 'Suspicious login detected' and blocks my access completely.",Medium,Open,Email
TCK-10711,Emma Garcia,emma.garcia32@example.com,Refund Request,"Good day, You approved my return request last Tuesday, but I have not received the credit note or refund payment confirmation yet. Appreciate your quick assistance.",Medium,Open,Live Chat
TCK-10444,Daniel Chen,daniel.chen79@example.com,Order Status,"Dear Customer Service, Order #604659 has been stuck on 'Processing in Warehouse' for over a week. When will it actually ship out? Let me know how to proceed.",Medium,In Progress,Mobile App
TCK-11356,Rahul Tanaka,rahul.tanaka50@example.com,Product Complaint,"Hey, The zipper on this leather backpack broke off on day two of use. This is unacceptable for a luxury price product.",Low,Pending Customer,Web Portal
TCK-10175,Olivia Smith,olivia.smith65@example.com,Payment Issue,Payment verification OTP is never delivered to my registered phone number during 3D Secure authentication. Payment times out every time. Looking forward to your prompt response.,Low,In Progress,Live Chat
TCK-11163,William Patel,william.patel64@example.com,Account Issue,I would like to permanently delete my account and erase all associated personal data in accordance with GDPR regulations. Appreciate your quick assistance.,Medium,Resolved,Web Portal
TCK-11144,Chris Williams,chris.williams30@example.com,Account Issue,"Hi Support Team, I need to change my primary registered email address from old@example.com to new@example.com because I lost access to the old email provider.",Medium,Pending Customer,Live Chat
TCK-10809,Priya Smith,priya.smith96@example.com,Technical Support,Help needed: The REST API returns 429 Too Many Requests even though our traffic is well under the 60 requests/minute tier quota limit. Please help me resolve this ASAP.,Critical,Pending Customer,Email
TCK-10213,Pat Chen,pat.chen89@example.com,Login Problem,"Good day, Single Sign-On (SSO) via Google returns an error 'OAuth2 callback failed: 403 Forbidden'. Unable to access my dashboard. Let me know how to proceed.",Medium,Resolved,Mobile App
TCK-11404,Avery Singh,avery.singh42@example.com,Delivery Issue,"Help needed: Requested weekend delivery when placing order #181286, but carrier attempted delivery on Wednesday during work hours. This is very frustrating.",High,Open,Web Portal
TCK-11322,Isabella Kim,isabella.kim83@example.com,Product Complaint,"Hi Support Team, Fragile glass vase was shipped without adequate bubble wrap or protective padding, arriving completely shattered into pieces. Kindly advise.",Medium,Resolved,Live Chat
TCK-11095,Chris Johnson,chris.johnson78@example.com,Account Issue,Urgent: Please help me update the legal company name and tax ID (VAT number) on our corporate subscription account. Looking forward to your prompt response.,Critical,Open,Web Portal
TCK-11118,Ethan Kim,ethan.kim91@example.com,Account Issue,"My student discount verification was approved by SheerID, but my subscription billing still shows standard commercial price. Thanks.",Medium,In Progress,Mobile App
TCK-10768,Michael Wang,michael.wang71@example.com,Refund Request,"Hi Support Team, Can I get a refund back to my original payment method? I have already shipped the return item. This is very frustrating.",High,Pending Customer,Live Chat
TCK-10012,Riley Jones,riley.jones62@example.com,Payment Issue,"Dear Customer Service, Attempting to pay via PayPal gives error code PAY_9021. The payment processing loop just hangs without confirmation. Please help me resolve this ASAP.",Critical,Resolved,Email
TCK-10180,Sam Wang,sam.wang24@example.com,Payment Issue,To whom it may concern: I received an unexpected transaction alert of $381.25 from your company that I did not authorize. Please investigate this billing error. This is very frustrating.,High,Resolved,Mobile App
TCK-11201,Aarav Martinez,aarav.martinez58@example.com,Product Complaint,"Help needed: The material of this winter coat is extremely cheap and thin, completely different from what was advertised in your product photos. This is very frustrating.",Medium,Open,Live Chat
TCK-10088,Sophia Kim,sophia.kim11@example.com,Payment Issue,"Good day, I cannot add my new credit card in the billing settings. It shows 'Tokenization Failed - invalid CVV' even though CVV is completely correct. Appreciate your quick assistance.",Medium,Pending Customer,Web Portal
TCK-10177,Neha Garcia,neha.garcia43@example.com,Payment Issue,"Good day, I cannot add my new credit card in the billing settings. It shows 'Tokenization Failed - invalid CVV' even though CVV is completely correct. Appreciate your quick assistance.",High,Open,Web Portal
TCK-11119,James Smith,james.smith63@example.com,Account Issue,"Hi Support Team, I need to change my primary registered email address from old@example.com to new@example.com because I lost access to the old email provider. Appreciate your quick assistance.",Medium,Resolved,Email
TCK-10913,Alex Brown,alex.brown89@example.com,Technical Support,"Good day, After the latest firmware v2.4.1 update, the smart hub disconnects from Wi-Fi every 15 minutes and requires a manual power cycle. Kindly advise.",Low,Pending Customer,Mobile App
TCK-10969,Sam Chen,sam.chen27@example.com,Technical Support,"File upload feature fails for files larger than 15MB with 'Payload Too Large' error, despite our plan allowing up to 100MB uploads. Kindly advise.",Medium,Resolved,Email
TCK-10891,Charlotte Davis,charlotte.davis85@example.com,Technical Support,"Help needed: File upload feature fails for files larger than 15MB with 'Payload Too Large' error, despite our plan allowing up to 100MB uploads. Please help me resolve this ASAP.",High,Resolved,Web Portal
TCK-10710,Aarav Smith,aarav.smith30@example.com,Refund Request,Urgent: Can I get a refund back to my original payment method? I have already shipped the return item. Let me know how to proceed.,Critical,In Progress,Web Portal
TCK-10776,Sam Rodriguez,sam.rodriguez90@example.com,Refund Request,"Good day, I want to return this unopened item and get a direct refund rather than store credit vouchers. Please advise on the return label.",Low,Open,Live Chat
TCK-10806,Mia Patel,mia.patel44@example.com,Technical Support,"The printer driver integration fails to render barcodes correctly, printing fuzzy unreadable lines instead of 2D data matrix. Appreciate your quick assistance.",Medium,In Progress,Mobile App
TCK-11213,Casey Brown,casey.brown28@example.com,Product Complaint,Help needed: The blender motor started smoking and smelled like burning plastic on its very first usage at normal speed setting. Dangerous hazard.,Critical,Pending Customer,Email
TCK-11425,Rahul Garcia,rahul.garcia13@example.com,Delivery Issue,"Hello, The delivery status has said 'Out for Delivery' for three consecutive days from 8 AM to 9 PM, but driver never shows up. This is very frustrating.",Medium,In Progress,Email
TCK-10695,Sophia Wang,sophia.wang73@example.com,Refund Request,"To whom it may concern: How long does it take for a refund to show on a Visa debit card? Your support agent said 3-5 business days, but today is day 9.",Low,Open,Email
TCK-11335,Nikhil Singh,nikhil.singh67@example.com,Product Complaint,To whom it may concern: The blender motor started smoking and smelled like burning plastic on its very first usage at normal speed setting. Dangerous hazard. Kindly advise.,Critical,Pending Customer,Email
TCK-10863,Casey Wang,casey.wang25@example.com,Technical Support,"Good day, Search functionality in the app is broken; typing any search query returns an unhandled React error in the browser console. Thank you!",Medium,In Progress,Web Portal
TCK-10987,Rahul Martinez,rahul.martinez93@example.com,Technical Support,"Hey, SSL certificate on your webhook callback domain appears to have expired yesterday, causing all our automated background jobs to fail. Looking forward to your prompt response.",Medium,Pending Customer,Live Chat
TCK-11300,Alex Wang,alex.wang35@example.com,Product Complaint,Urgent: Shoes look like they were previously worn; the soles are scuffed and dirty right out of the sealed shipping box. Kindly advise.,High,In Progress,Web Portal
TCK-11521,Chris Sharma,chris.sharma58@example.com,Delivery Issue,To whom it may concern: Courier says delivery address is 'Incomplete / Missing Apt Number' even though my order confirmation shows complete details. Appreciate your quick assistance.,Low,Resolved,Email
TCK-11472,Chris Gupta,chris.gupta99@example.com,Delivery Issue,"Hello, Signature was required for this high-value laptop delivery, yet the carrier signed on my behalf with fake initials and dumped it. Kindly advise.",Medium,Pending Customer,Web Portal
TCK-10214,Alexander Patel,alexander.patel34@example.com,Login Problem,"Help needed: The mobile app keeps logging me out every 2 minutes. When I attempt to re-login, the login button spins continuously without responding. Thanks.",Low,In Progress,Web Portal
TCK-11179,Ethan Martinez,ethan.martinez40@example.com,Account Issue,"Hello, I upgraded my plan from Basic to Pro, but my account dashboard is still displaying Basic tier limits and restrictions. Appreciate your quick assistance.",Medium,Resolved,Web Portal
TCK-10862,Neha Garcia,neha.garcia25@example.com,Technical Support,"Hey, The printer driver integration fails to render barcodes correctly, printing fuzzy unreadable lines instead of 2D data matrix. Thanks.",Low,Pending Customer,Live Chat
TCK-11390,Ethan Patel,ethan.patel79@example.com,Product Complaint,"Urgent: Product description claimed this monitor has built-in speakers and HDR support, but the unit received lacks both features entirely. Please help me resolve this ASAP.",Critical,Resolved,Email
TCK-11552,Mia Lee,mia.lee23@example.com,Delivery Issue,"Help needed: Signature was required for this high-value laptop delivery, yet the carrier signed on my behalf with fake initials and dumped it. Kindly advise.",Low,In Progress,Email
TCK-10076,Pat Gupta,pat.gupta58@example.com,Payment Issue,"Hey, I cannot add my new credit card in the billing settings. It shows 'Tokenization Failed - invalid CVV' even though CVV is completely correct. Please help me resolve this ASAP.",High,Pending Customer,Live Chat
TCK-11440,Pat Johnson,pat.johnson66@example.com,Delivery Issue,"Good day, My parcel was sent to the wrong delivery hub across the country due to a barcode sorting misroute. Need urgent reroute. Thank you!",Critical,Resolved,Mobile App
TCK-11033,Sophia Patel,sophia.patel35@example.com,Account Issue,To whom it may concern: Please help me update the legal company name and tax ID (VAT number) on our corporate subscription account. Thanks.,Medium,Resolved,Web Portal
TCK-10216,Isabella Miller,isabella.miller12@example.com,Login Problem,"Hi Support Team, My account says 'Account Temporarily Locked due to too many failed attempts'. How do I unlock it? I need access for my work urgently. Looking forward to your prompt response.",High,Open,Mobile App
TCK-10064,Alex Rodriguez,alex.rodriguez42@example.com,Payment Issue,To whom it may concern: I was charged twice on my credit card for order #889544. Please check your billing system and reverse the duplicate $636.25 charge immediately. Thank you!,High,In Progress,Mobile App
TCK-10798,Alexander Kim,alexander.kim77@example.com,Refund Request,"Dear Customer Service, I want my money back for the defective item I returned last week. Please process the credit immediately. Let me know how to proceed.",Critical,Pending Customer,Web Portal
TCK-11315,Michael Davis,michael.davis11@example.com,Product Complaint,"Help needed: Fragile glass vase was shipped without adequate bubble wrap or protective padding, arriving completely shattered into pieces. Please help me resolve this ASAP.",High,In Progress,Mobile App
TCK-10263,Sam Jones,sam.jones16@example.com,Login Problem,"Urgent: Unable to sign in on Chrome desktop browser. Clearing cookies and cache did not help, getting 'Error 401 Unauthorized'. Thank you!",Critical,Pending Customer,Email
TCK-11503,James Kim,james.kim22@example.com,Delivery Issue,"The delivery driver literally threw the heavy parcel over my high front fence, denting the outer shipping box. Thank you!",Low,Open,Mobile App
TCK-10787,William Davis,william.davis45@example.com,Refund Request,Urgent: Returned package was delivered to your warehouse according to FedEx tracking #REF-83506. When will inspection complete and refund issue? Looking forward to your prompt response.,High,Resolved,Mobile App
TCK-10659,Alex Patel,alex.patel37@example.com,Refund Request,"Good day, I cancelled order #983273 within 30 minutes of placing it. Please confirm when the refund will reflect in my bank account. Thank you!",Medium,Resolved,Email
TCK-10445,David Martinez,david.martinez34@example.com,Order Status,Is there any update on the backordered item in order #365809? It has been 2 weeks since the expected restock date. This is very frustrating.,High,Open,Live Chat
TCK-10014,Jordan Gupta,jordan.gupta57@example.com,Payment Issue,Urgent: You charged me an extra $223.25 processing fee which was not shown on the checkout summary page. I need this rectified. Thank you!,Critical,Open,Live Chat
TCK-10077,Sophia Wang,sophia.wang27@example.com,Payment Issue,"Urgent: My Apple Pay transaction timed out at final review, yet my credit limit shows the hold. Did the payment clear or should I retry? Appreciate your quick assistance.",High,In Progress,Live Chat
TCK-11571,Aarav Patel,aarav.patel52@example.com,Delivery Issue,"Requested weekend delivery when placing order #760459, but carrier attempted delivery on Wednesday during work hours. Let me know how to proceed.",Medium,In Progress,Mobile App
TCK-11126,Rahul Martinez,rahul.martinez33@example.com,Account Issue,"Our team seat count is capped at 5, but our invoice shows 10 active licenses. Please audit our user seats and adjust the billing tier. Let me know how to proceed.",Medium,In Progress,Live Chat
TCK-11091,Sophia Williams,sophia.williams44@example.com,Account Issue,Urgent: Please transfer ownership of our company team account to our new operations director email address. Kindly advise.,Critical,Pending Customer,Email
TCK-11500,Rahul Martinez,rahul.martinez13@example.com,Delivery Issue,"Dear Customer Service, The parcel was left out in heavy pouring rain on my uncovered driveway instead of under the covered front porch. This is very frustrating.",Medium,Open,Email
TCK-10674,David Kim,david.kim48@example.com,Refund Request,"Hi Support Team, I am asking for my money back because the service was not provided. Please issue reimbursement. Appreciate your quick assistance.",Medium,Resolved,Mobile App
TCK-11228,Emma Williams,emma.williams96@example.com,Product Complaint,"Dear Customer Service, You sent me the wrong color! I ordered Midnight Blue, but you shipped bright yellow. I need the correct item sent ASAP. Thanks.",Critical,Pending Customer,Web Portal
TCK-10159,Alexander Williams,alexander.williams32@example.com,Payment Issue,Payment verification OTP is never delivered to my registered phone number during 3D Secure authentication. Payment times out every time.,Medium,Pending Customer,Web Portal
TCK-11375,Chris Jones,chris.jones76@example.com,Product Complaint,"Hey, The non-stick frying pan coating began peeling and flaking into food after just three gentle hand-wash cleanings. Appreciate your quick assistance.",Low,Open,Email
TCK-11454,Emma Gupta,emma.gupta35@example.com,Delivery Issue,"Urgent: Courier marked my package as 'Delivered to resident', but no one was home and there is no package on the porch or with neighbors. Let me know how to proceed.",High,Open,Mobile App
TCK-11249,William Jones,william.jones59@example.com,Product Complaint,"To whom it may concern: One of the dining table legs is two inches shorter than the others, making the table wobble violently. Defective manufacturing.",Medium,Resolved,Live Chat
TCK-10400,Mia Sharma,mia.sharma91@example.com,Login Problem,Two-factor authentication code (2FA) is not arriving on my phone number. I have been locked out of my portal for 4 hours. Thank you!,Critical,Pending Customer,Live Chat
TCK-10255,Casey Kim,casey.kim47@example.com,Login Problem,"Hi Support Team, The CAPTCHA on the login page does not load, leaving a blank square. Because of this, the login button remains disabled. This is very frustrating.",Medium,Pending Customer,Mobile App
TCK-10295,Isabella Tanaka,isabella.tanaka93@example.com,Login Problem,"Hi Support Team, I changed my registered email address last week, and now neither the old nor the new email is recognized by the login system. Thanks.",Low,Open,Email
TCK-10885,Charlotte Tanaka,charlotte.tanaka36@example.com,Technical Support,Our developers are unable to integrate the Webhook endpoint. Incoming POST payloads are missing the signature verification header. Thank you!,Low,In Progress,Web Portal
TCK-10990,Aarav Wang,aarav.wang59@example.com,Technical Support,"Dear Customer Service, WebSocket connection drops repeatedly with code 1006. Reconnection attempts cause UI lag and high CPU consumption. Please help me resolve this ASAP.",Critical,In Progress,Live Chat
TCK-10116,Charlotte Garcia,charlotte.garcia52@example.com,Payment Issue,"Good day, Automatic renewal charged my expired card somehow and gave an overdue penalty of $240.50. Please fix my payment method. Looking forward to your prompt response.",Medium,Open,Mobile App
TCK-10067,Jordan Patel,jordan.patel70@example.com,Payment Issue,Payment verification OTP is never delivered to my registered phone number during 3D Secure authentication. Payment times out every time. Please help me resolve this ASAP.,Critical,Open,Live Chat
TCK-10463,Casey Davis,casey.davis47@example.com,Order Status,"Good day, I never received an order confirmation email with my tracking number for the purchase made yesterday evening. Card was charged. Looking forward to your prompt response.",Medium,Pending Customer,Mobile App
TCK-11539,David Johnson,david.johnson67@example.com,Delivery Issue,"Hi Support Team, Signature was required for this high-value laptop delivery, yet the carrier signed on my behalf with fake initials and dumped it. Thanks.",Low,Pending Customer,Email
TCK-10749,Taylor Garcia,taylor.garcia26@example.com,Refund Request,"Hey, Returned package was delivered to your warehouse according to FedEx tracking #REF-76361. When will inspection complete and refund issue? This is very frustrating.",Medium,Open,Mobile App
TCK-11515,Casey Gupta,casey.gupta36@example.com,Delivery Issue,"Hi Support Team, Requested weekend delivery when placing order #322838, but carrier attempted delivery on Wednesday during work hours. Kindly advise.",Low,In Progress,Mobile App
TCK-10364,Jordan Gupta,jordan.gupta49@example.com,Login Problem,"The mobile app keeps logging me out every 2 minutes. When I attempt to re-login, the login button spins continuously without responding. This is very frustrating.",Medium,Pending Customer,Live Chat
TCK-10396,Rahul Sharma,rahul.sharma10@example.com,Login Problem,"Good day, I clicked 'Forgot Password' multiple times, but the password reset link email never arrives in my inbox or spam folder. Please help me resolve this ASAP.",Critical,Pending Customer,Web Portal
TCK-10757,Pat Brown,pat.brown71@example.com,Refund Request,"Good day, I want my money back for the defective item I returned last week. Please process the credit immediately. This is very frustrating.",High,Open,Live Chat
TCK-11291,Sophia Sharma,sophia.sharma55@example.com,Product Complaint,To whom it may concern: Shoes look like they were previously worn; the soles are scuffed and dirty right out of the sealed shipping box.,Low,Pending Customer,Email
TCK-11481,James Brown,james.brown76@example.com,Delivery Issue,"Urgent: The courier attempted delivery at 6:30 AM without ringing the doorbell, left a 'Failed Attempt' slip, and returned it to the depot. Please help me resolve this ASAP.",High,Resolved,Email
TCK-10041,Olivia Smith,olivia.smith62@example.com,Payment Issue,"Payment went through and I have bank reference #REF-52979, but the cart still says 'Awaiting Payment' and did not issue an order receipt. Let me know how to proceed.",Medium,Resolved,Web Portal
TCK-11026,Rahul Sharma,rahul.sharma26@example.com,Account Issue,"Hi Support Team, My student discount verification was approved by SheerID, but my subscription billing still shows standard commercial price. Thanks.",Medium,Resolved,Web Portal
TCK-11216,Avery Singh,avery.singh16@example.com,Product Complaint,"Hey, You sent me the wrong color! I ordered Midnight Blue, but you shipped bright yellow. I need the correct item sent ASAP. Let me know how to proceed.",Critical,Resolved,Web Portal
TCK-11407,James Verma,james.verma95@example.com,Delivery Issue,"Delivery address was updated to my new apartment, but the package was dispatched to my old address in another city. Kindly advise.",Medium,In Progress,Live Chat
TCK-10033,Rahul Kim,rahul.kim12@example.com,Payment Issue,"Good day, Automatic renewal charged my expired card somehow and gave an overdue penalty of $755.99. Please fix my payment method.",Low,Resolved,Mobile App
TCK-10651,Avery Gupta,avery.gupta72@example.com,Refund Request,"Hey, Returned package was delivered to your warehouse according to FedEx tracking #REF-64001. When will inspection complete and refund issue? Let me know how to proceed.",Medium,Open,Email
TCK-10715,Emma Martinez,emma.martinez38@example.com,Refund Request,Urgent: Can I get a refund back to my original payment method? I have already shipped the return item. Kindly advise.,Critical,Pending Customer,Web Portal
TCK-11267,Rahul Tanaka,rahul.tanaka19@example.com,Product Complaint,"Dear Customer Service, One of the dining table legs is two inches shorter than the others, making the table wobble violently. Defective manufacturing. Let me know how to proceed.",Medium,Pending Customer,Web Portal
TCK-11105,Priya Lee,priya.lee90@example.com,Account Issue,Urgent: I need to change my primary registered email address from old@example.com to new@example.com because I lost access to the old email provider. Please help me resolve this ASAP.,Critical,In Progress,Mobile App
TCK-11364,Ananya Chen,ananya.chen92@example.com,Product Complaint,To whom it may concern: The blender motor started smoking and smelled like burning plastic on its very first usage at normal speed setting. Dangerous hazard.,High,In Progress,Email
TCK-11010,Isabella Johnson,isabella.johnson80@example.com,Account Issue,To whom it may concern: Unable to modify my shipping address in saved profile settings. The 'Save Address' button stays greyed out. Thank you!,Low,Pending Customer,Web Portal
TCK-10154,Daniel Kim,daniel.kim37@example.com,Payment Issue,"Urgent: My Apple Pay transaction timed out at final review, yet my credit limit shows the hold. Did the payment clear or should I retry? This is very frustrating.",Critical,Resolved,Web Portal
TCK-11557,Aarav Williams,aarav.williams20@example.com,Delivery Issue,"Dear Customer Service, The courier driver refused to bring the heavy 45kg parcel up to my apartment floor, leaving it on the street sidewalk. Thanks.",Low,In Progress,Email
TCK-11535,Olivia Gupta,olivia.gupta45@example.com,Delivery Issue,"Hello, Estimated delivery date has changed 4 times this week. First Monday, then Wednesday, now next week. Highly unreliable service. Kindly advise.",Medium,Pending Customer,Mobile App
TCK-11176,Olivia Tanaka,olivia.tanaka84@example.com,Account Issue,"Hello, Please help me update the legal company name and tax ID (VAT number) on our corporate subscription account.",Low,Pending Customer,Mobile App
TCK-10566,Taylor Chen,taylor.chen45@example.com,Order Status,The tracking link provided in your email opens a blank page with error 'Tracking number not recognized by carrier'. Order #386273. Thank you!,Medium,Pending Customer,Web Portal
TCK-11555,Mia Davis,mia.davis45@example.com,Delivery Issue,Courier says delivery address is 'Incomplete / Missing Apt Number' even though my order confirmation shows complete details. Kindly advise.,Medium,In Progress,Live Chat
TCK-10938,Isabella Kim,isabella.kim92@example.com,Technical Support,"Hi Support Team, Exported CSV files have corrupted text formatting and broken UTF-8 encoding for international non-English characters. Thanks.",Medium,Pending Customer,Mobile App
TCK-10002,Alexander Miller,alexander.miller84@example.com,Payment Issue,"Hi Support Team, Why is my debit card being declined at the payment screen? There are sufficient funds available and my bank says the merchant gateway is rejecting it. Looking forward to your prompt response.",Medium,Pending Customer,Web Portal
TCK-10069,William Verma,william.verma34@example.com,Payment Issue,"Every time I try to complete payment using Google Pay, the checkout page refreshes and clears my shopping bag without placing the order. Thanks.",Medium,Open,Live Chat
TCK-11208,Chris Patel,chris.patel19@example.com,Product Complaint,"Help needed: One of the dining table legs is two inches shorter than the others, making the table wobble violently. Defective manufacturing. This is very frustrating.",Medium,Resolved,Email
TCK-11600,Riley Miller,riley.miller74@example.com,Delivery Issue,"Hey, My delivery is delayed by over 6 business days with zero explanations from the courier service. Placed order #851193. Appreciate your quick assistance.",Medium,Open,Mobile App
TCK-11297,Alexander Williams,alexander.williams30@example.com,Product Complaint,"Help needed: Fragile glass vase was shipped without adequate bubble wrap or protective padding, arriving completely shattered into pieces. Let me know how to proceed.",Medium,Pending Customer,Mobile App
TCK-10411,Alexander Chen,alexander.chen36@example.com,Order Status,To whom it may concern: The tracking link provided in your email opens a blank page with error 'Tracking number not recognized by carrier'. Order #924341. Thanks.,Medium,Pending Customer,Live Chat
TCK-10988,Riley Wang,riley.wang60@example.com,Technical Support,To whom it may concern: Search functionality in the app is broken; typing any search query returns an unhandled React error in the browser console. Appreciate your quick assistance.,High,Resolved,Web Portal
TCK-11517,Alexander Smith,alexander.smith11@example.com,Delivery Issue,"Hey, Courier says delivery address is 'Incomplete / Missing Apt Number' even though my order confirmation shows complete details. Thank you!",Low,Pending Customer,Mobile App
TCK-10372,William Patel,william.patel78@example.com,Login Problem,"To whom it may concern: The mobile app keeps logging me out every 2 minutes. When I attempt to re-login, the login button spins continuously without responding. Please help me resolve this ASAP.",High,Resolved,Email
TCK-10097,Alex Lee,alex.lee15@example.com,Payment Issue,I received an unexpected transaction alert of $179.99 from your company that I did not authorize. Please investigate this billing error. Please help me resolve this ASAP.,High,Open,Live Chat
TCK-11093,Casey Wang,casey.wang13@example.com,Account Issue,We are receiving marketing emails and promotional newsletters even though all communication preferences are disabled in my profile. Appreciate your quick assistance.,Medium,In Progress,Live Chat
TCK-10937,Mia Garcia,mia.garcia63@example.com,Technical Support,"Hey, WebSocket connection drops repeatedly with code 1006. Reconnection attempts cause UI lag and high CPU consumption. Let me know how to proceed.",Medium,Pending Customer,Live Chat
TCK-11433,Amelia Sharma,amelia.sharma58@example.com,Delivery Issue,"The courier driver refused to bring the heavy 45kg parcel up to my apartment floor, leaving it on the street sidewalk. This is very frustrating.",High,In Progress,Mobile App
TCK-10843,Sam Martinez,sam.martinez75@example.com,Technical Support,Urgent: Our developers are unable to integrate the Webhook endpoint. Incoming POST payloads are missing the signature verification header. Appreciate your quick assistance.,High,In Progress,Web Portal
TCK-10044,Alex Williams,alex.williams58@example.com,Payment Issue,"Hello, Automatic renewal charged my expired card somehow and gave an overdue penalty of $836.50. Please fix my payment method. Thank you!",Medium,Pending Customer,Live Chat
TCK-10055,Aarav Smith,aarav.smith66@example.com,Payment Issue,I cannot add my new credit card in the billing settings. It shows 'Tokenization Failed - invalid CVV' even though CVV is completely correct. Please help me resolve this ASAP.,High,Open,Mobile App
TCK-11423,Isabella Martinez,isabella.martinez33@example.com,Delivery Issue,"Hi Support Team, Signature was required for this high-value laptop delivery, yet the carrier signed on my behalf with fake initials and dumped it. Thank you!",Low,Resolved,Email
TCK-10153,William Johnson,william.johnson37@example.com,Payment Issue,"Hello, I was charged twice on my credit card for order #166096. Please check your billing system and reverse the duplicate $200.99 charge immediately.",Critical,Pending Customer,Email
TCK-10286,Chris Chen,chris.chen12@example.com,Login Problem,"Dear Customer Service, Biometric Face ID login failed on my iOS device and now asking for a master PIN that I never configured during initial setup. Please help me resolve this ASAP.",High,Resolved,Live Chat
TCK-10850,Casey Sharma,casey.sharma70@example.com,Technical Support,"Good day, Our developers are unable to integrate the Webhook endpoint. Incoming POST payloads are missing the signature verification header. Please help me resolve this ASAP.",High,Pending Customer,Web Portal
TCK-10606,Ethan Sharma,ethan.sharma28@example.com,Refund Request,To whom it may concern: Sent the package back via postal return. Where is my refund? It has been over two weeks. Please help me resolve this ASAP.,High,Resolved,Email
TCK-10677,Charlotte Rodriguez,charlotte.rodriguez52@example.com,Refund Request,"To whom it may concern: I was promised a full refund of $731.00 due to defective parts, but you only credited a partial amount of $25. Please refund the remainder. This is very frustrating.",High,Open,Mobile App
TCK-11006,Emma Johnson,emma.johnson18@example.com,Account Issue,I accidentally created two duplicate profiles for the same customer. Can your support team merge their loyalty points?,Low,Open,Web Portal
TCK-10415,Mia Chen,mia.chen54@example.com,Order Status,Urgent: I need to check the delivery timeline for purchase #360000. Will it reach before Friday as I am traveling out of state? Thank you!,Critical,Open,Email
TCK-10996,Morgan Tanaka,morgan.tanaka44@example.com,Technical Support,"Hey, SSL certificate on your webhook callback domain appears to have expired yesterday, causing all our automated background jobs to fail. Please help me resolve this ASAP.",Critical,Open,Email
TCK-11161,Olivia Garcia,olivia.garcia23@example.com,Account Issue,"Hi Support Team, Need to remove a former administrator from our organization workspace and reassign all project ownership to my user ID. Looking forward to your prompt response.",Low,Pending Customer,Email
TCK-10576,Isabella Williams,isabella.williams76@example.com,Order Status,"Hi Support Team, Order #156154 is shown as 'Preparing for dispatch' since Monday. Customer care bot is not providing meaningful updates. Let me know how to proceed.",Medium,Open,Mobile App
TCK-10820,William Williams,william.williams17@example.com,Technical Support,Urgent: The desktop application crashes immediately upon opening on macOS Sonoma. Error log mentions 'Segmentation fault at 0x000003'. Let me know how to proceed.,High,Open,Live Chat
TCK-11439,Alex Jones,alex.jones41@example.com,Delivery Issue,"Dear Customer Service, Requested weekend delivery when placing order #717750, but carrier attempted delivery on Wednesday during work hours. Appreciate your quick assistance.",Low,Pending Customer,Email
TCK-11075,Avery Davis,avery.davis99@example.com,Account Issue,"Dear Customer Service, How do I download a complete archive copy of my account data, purchase history, and uploaded invoices for tax auditing? Let me know how to proceed.",Low,In Progress,Web Portal
TCK-10884,Priya Garcia,priya.garcia86@example.com,Technical Support,"Good day, Database sync is failing between the mobile client and the cloud server. Offline edits are completely lost upon reconnecting. Looking forward to your prompt response.",Low,In Progress,Mobile App
TCK-10917,Morgan Rodriguez,morgan.rodriguez79@example.com,Technical Support,"Hey, After the latest firmware v2.4.1 update, the smart hub disconnects from Wi-Fi every 15 minutes and requires a manual power cycle. Thank you!",Medium,Open,Mobile App
TCK-10971,Jordan Jones,jordan.jones68@example.com,Technical Support,Help needed: Search functionality in the app is broken; typing any search query returns an unhandled React error in the browser console. Thanks.,High,Open,Mobile App
TCK-10131,Ethan Williams,ethan.williams22@example.com,Payment Issue,To whom it may concern: Automatic renewal charged my expired card somehow and gave an overdue penalty of $369.50. Please fix my payment method. Appreciate your quick assistance.,Low,Open,Mobile App
TCK-10032,Pat Miller,pat.miller54@example.com,Payment Issue,"Help needed: I used a promo coupon code offering $30 discount, but my final invoice charged the full price without the promotional deduction. Thank you!",Low,In Progress,Live Chat
TCK-11117,Rahul Chen,rahul.chen40@example.com,Account Issue,"Dear Customer Service, Our team seat count is capped at 5, but our invoice shows 10 active licenses. Please audit our user seats and adjust the billing tier. Thanks.",Medium,Open,Mobile App
TCK-10270,Riley Davis,riley.davis99@example.com,Login Problem,"Urgent: I cannot log into my account. When I submit my password, the screen displays 'Invalid Credentials' even though I just reset it. Looking forward to your prompt response.",High,Resolved,Live Chat
TCK-11156,James Davis,james.davis11@example.com,Account Issue,"Good day, I need to change my primary registered email address from old@example.com to new@example.com because I lost access to the old email provider. Thanks.",Medium,Pending Customer,Live Chat
TCK-10106,Taylor Patel,taylor.patel68@example.com,Payment Issue,"Dear Customer Service, I used a promo coupon code offering $30 discount, but my final invoice charged the full price without the promotional deduction. Thank you!",Low,In Progress,Web Portal
TCK-11218,Riley Davis,riley.davis73@example.com,Product Complaint,"Hey, One of the dining table legs is two inches shorter than the others, making the table wobble violently. Defective manufacturing. Thanks.",Low,Open,Email
TCK-10232,Daniel Wang,daniel.wang45@example.com,Login Problem,"Hello, Biometric Face ID login failed on my iOS device and now asking for a master PIN that I never configured during initial setup. Please help me resolve this ASAP.",High,In Progress,Mobile App
TCK-11506,Isabella Martinez,isabella.martinez49@example.com,Delivery Issue,To whom it may concern: The courier tracking shows 'Returned to Sender - Recipient Not Found' without making any delivery attempt or phone call.,Low,Resolved,Web Portal
TCK-11146,Emma Singh,emma.singh48@example.com,Account Issue,"Hey, I accidentally created two duplicate profiles for the same customer. Can your support team merge their loyalty points? Please help me resolve this ASAP.",Critical,In Progress,Email
TCK-11341,Casey Singh,casey.singh32@example.com,Product Complaint,"One of the dining table legs is two inches shorter than the others, making the table wobble violently. Defective manufacturing. Let me know how to proceed.",Medium,Resolved,Email
TCK-10716,Priya Rodriguez,priya.rodriguez79@example.com,Refund Request,"Hello, How long does it take for a refund to show on a Visa debit card? Your support agent said 3-5 business days, but today is day 9. This is very frustrating.",Medium,Resolved,Email
TCK-10130,Michael Verma,michael.verma80@example.com,Payment Issue,"Hey, Payment went through and I have bank reference #REF-53713, but the cart still says 'Awaiting Payment' and did not issue an order receipt. Appreciate your quick assistance.",Low,Resolved,Web Portal
TCK-10904,Daniel Miller,daniel.miller32@example.com,Technical Support,"Hi Support Team, The printer driver integration fails to render barcodes correctly, printing fuzzy unreadable lines instead of 2D data matrix. This is very frustrating.",Medium,Resolved,Email
TCK-11419,Isabella Martinez,isabella.martinez71@example.com,Delivery Issue,"Hi Support Team, Package is held at customs clearance depot for 8 days because the shipping invoice documentation was missing from the parcel. Please help me resolve this ASAP.",High,Open,Email
TCK-11199,Neha Rodriguez,neha.rodriguez43@example.com,Account Issue,"Hey, My account profile picture and username will not update. It says 'Profile updated successfully', but old details remain. Appreciate your quick assistance.",Medium,Resolved,Email
TCK-11464,David Johnson,david.johnson78@example.com,Delivery Issue,"Hey, Requested weekend delivery when placing order #140241, but carrier attempted delivery on Wednesday during work hours. Let me know how to proceed.",Medium,Open,Mobile App
TCK-11236,Jordan Tanaka,jordan.tanaka11@example.com,Product Complaint,"Hey, The software license key printed on the inside card says 'Already Redeemed by another user'. I bought this brand new sealed. Kindly advise.",Low,Pending Customer,Mobile App
TCK-11456,Alexander Kim,alexander.kim14@example.com,Delivery Issue,"Hey, Courier says delivery address is 'Incomplete / Missing Apt Number' even though my order confirmation shows complete details. Thank you!",Low,Open,Web Portal
TCK-10343,Emma Williams,emma.williams25@example.com,Login Problem,"Hi Support Team, I cannot log into my account. When I submit my password, the screen displays 'Invalid Credentials' even though I just reset it. Please help me resolve this ASAP.",High,Pending Customer,Web Portal
TCK-11343,Michael Singh,michael.singh85@example.com,Product Complaint,"Urgent: One of the dining table legs is two inches shorter than the others, making the table wobble violently. Defective manufacturing. Let me know how to proceed.",High,Pending Customer,Email
TCK-10469,William Gupta,william.gupta88@example.com,Order Status,"Hey, Can you send me the invoice and live GPS tracking link for order #193370 placed under my business account? Let me know how to proceed.",Medium,In Progress,Live Chat
TCK-11544,Morgan Rodriguez,morgan.rodriguez46@example.com,Delivery Issue,"Hey, My parcel was sent to the wrong delivery hub across the country due to a barcode sorting misroute. Need urgent reroute. Kindly advise.",High,Resolved,Web Portal
TCK-10817,Riley Lee,riley.lee81@example.com,Technical Support,Mobile app push notifications are completely failing on Android 14 devices. Permissions are enabled in system settings. Thank you!,Low,Resolved,Live Chat
TCK-11268,Alex Singh,alex.singh89@example.com,Product Complaint,"Urgent: One of the dining table legs is two inches shorter than the others, making the table wobble violently. Defective manufacturing. Please help me resolve this ASAP.",High,Pending Customer,Web Portal
TCK-10118,Sophia Davis,sophia.davis28@example.com,Payment Issue,Urgent: Why is my debit card being declined at the payment screen? There are sufficient funds available and my bank says the merchant gateway is rejecting it. This is very frustrating.,High,Resolved,Mobile App
TCK-11516,Morgan Chen,morgan.chen96@example.com,Delivery Issue,"Good day, The delivery driver literally threw the heavy parcel over my high front fence, denting the outer shipping box. Looking forward to your prompt response.",Medium,Pending Customer,Live Chat
TCK-10470,James Garcia,james.garcia51@example.com,Order Status,Help needed: Is there any update on the backordered item in order #365399? It has been 2 weeks since the expected restock date. Thank you!,Medium,Resolved,Email
TCK-10982,Ethan Kim,ethan.kim82@example.com,Technical Support,"Hey, The REST API returns 429 Too Many Requests even though our traffic is well under the 60 requests/minute tier quota limit. Let me know how to proceed.",Medium,Pending Customer,Live Chat
TCK-11000,Priya Williams,priya.williams59@example.com,Technical Support,Urgent: Getting HTTP 500 Internal Server Error whenever I click on the 'Export PDF Report' button in the dashboard analytics module. Looking forward to your prompt response.,Critical,Pending Customer,Live Chat
TCK-10325,Olivia Singh,olivia.singh87@example.com,Login Problem,"Hey, Single Sign-On (SSO) via Google returns an error 'OAuth2 callback failed: 403 Forbidden'. Unable to access my dashboard. Appreciate your quick assistance.",Medium,Pending Customer,Email
TCK-10925,Sophia Patel,sophia.patel41@example.com,Technical Support,"Hey, Database sync is failing between the mobile client and the cloud server. Offline edits are completely lost upon reconnecting. Appreciate your quick assistance.",Low,Pending Customer,Web Portal
TCK-10807,Avery Jones,avery.jones37@example.com,Technical Support,"Dear Customer Service, After the latest firmware v2.4.1 update, the smart hub disconnects from Wi-Fi every 15 minutes and requires a manual power cycle. Thank you!",Low,Resolved,Web Portal
TCK-10704,Ethan Tanaka,ethan.tanaka32@example.com,Refund Request,"To whom it may concern: You approved my return request last Tuesday, but I have not received the credit note or refund payment confirmation yet. Kindly advise.",Low,In Progress,Web Portal
TCK-10660,David Williams,david.williams25@example.com,Refund Request,Overcharged by $159.50 due to recurring billing glitch after account cancellation. Please reverse and refund this immediately. Thanks.,Critical,Pending Customer,Web Portal
TCK-10468,William Miller,william.miller13@example.com,Order Status,"Help needed: I ordered three items under order #678169, but received only one small parcel today. Are the remaining two items shipping separately? Looking forward to your prompt response.",Low,Pending Customer,Web Portal
TCK-10178,Alexander Verma,alexander.verma94@example.com,Payment Issue,"Hi Support Team, Why is my debit card being declined at the payment screen? There are sufficient funds available and my bank says the merchant gateway is rejecting it. Thank you!",Medium,Pending Customer,Email
TCK-11435,Michael Davis,michael.davis41@example.com,Delivery Issue,"Hey, Requested weekend delivery when placing order #349507, but carrier attempted delivery on Wednesday during work hours. Looking forward to your prompt response.",Low,Open,Email
TCK-10688,Chris Sharma,chris.sharma70@example.com,Refund Request,"Dear Customer Service, Requested a refund 2 weeks ago for order #562115. Still waiting. If not processed today, I will have to file a credit card chargeback. Kindly advise.",Critical,In Progress,Mobile App
TCK-11502,Ananya Lee,ananya.lee45@example.com,Delivery Issue,My parcel was sent to the wrong delivery hub across the country due to a barcode sorting misroute. Need urgent reroute. Looking forward to your prompt response.,High,Resolved,Mobile App
TCK-10714,Olivia Rodriguez,olivia.rodriguez98@example.com,Refund Request,"Hi Support Team, Can I get a refund back to my original payment method? I have already shipped the return item. Thank you!",Medium,Pending Customer,Mobile App
TCK-11362,Alex Miller,alex.miller98@example.com,Product Complaint,"Dear Customer Service, Missing essential accessories: the package did not include the power charging adapter and USB cable specified on the box. Appreciate your quick assistance.",Medium,Pending Customer,Live Chat
TCK-11081,Alexander Rodriguez,alexander.rodriguez66@example.com,Account Issue,"Good day, I accidentally created two duplicate profiles for the same customer. Can your support team merge their loyalty points? Thanks.",Low,Pending Customer,Email
TCK-10441,Olivia Miller,olivia.miller70@example.com,Order Status,"Hey, The tracking link provided in your email opens a blank page with error 'Tracking number not recognized by carrier'. Order #394060.",Low,Open,Web Portal
TCK-10723,Ethan Miller,ethan.miller93@example.com,Refund Request,Help needed: Can I get a refund back to my original payment method? I have already shipped the return item. This is very frustrating.,Medium,In Progress,Email
TCK-11339,Amelia Brown,amelia.brown19@example.com,Product Complaint,"Good day, You sent me the wrong color! I ordered Midnight Blue, but you shipped bright yellow. I need the correct item sent ASAP. Kindly advise.",High,Open,Live Chat
TCK-10122,Alexander Smith,alexander.smith93@example.com,Payment Issue,"Dear Customer Service, Attempting to pay via PayPal gives error code PAY_9021. The payment processing loop just hangs without confirmation.",Low,Open,Web Portal
TCK-11386,William Singh,william.singh61@example.com,Product Complaint,Urgent: The camera lens has internal dust particles sealed beneath the glass element which blurs every photo taken. Please help me resolve this ASAP.,Critical,Open,Mobile App
TCK-10784,Alexander Lee,alexander.lee56@example.com,Refund Request,"You approved my return request last Tuesday, but I have not received the credit note or refund payment confirmation yet. Thanks.",Low,Open,Mobile App
TCK-11013,Alexander Garcia,alexander.garcia70@example.com,Account Issue,"Hello, I would like to permanently delete my account and erase all associated personal data in accordance with GDPR regulations.",Low,Pending Customer,Mobile App
TCK-11103,Charlotte Rodriguez,charlotte.rodriguez29@example.com,Account Issue,Help needed: I accidentally created two duplicate profiles for the same customer. Can your support team merge their loyalty points? This is very frustrating.,Medium,Pending Customer,Email
TCK-11486,Aarav Miller,aarav.miller38@example.com,Delivery Issue,The courier tracking shows 'Returned to Sender - Recipient Not Found' without making any delivery attempt or phone call. Please help me resolve this ASAP.,Critical,In Progress,Email
TCK-11191,Pat Verma,pat.verma53@example.com,Account Issue,"Hello, Need to remove a former administrator from our organization workspace and reassign all project ownership to my user ID.",Medium,Pending Customer,Web Portal
TCK-10666,David Martinez,david.martinez48@example.com,Refund Request,"To whom it may concern: Requested a refund 2 weeks ago for order #198102. Still waiting. If not processed today, I will have to file a credit card chargeback. Kindly advise.",High,In Progress,Email
TCK-10755,Avery Davis,avery.davis47@example.com,Refund Request,"Hey, I am asking for my money back because the service was not provided. Please issue reimbursement. Thanks.",Low,In Progress,Live Chat
TCK-10335,Ananya Smith,ananya.smith15@example.com,Login Problem,Help needed: I get 'Session expired - please login again' immediately after entering my correct username and password. Infinite loop bug. Please help me resolve this ASAP.,Critical,Resolved,Mobile App
TCK-10690,Chris Davis,chris.davis68@example.com,Refund Request,Returned package was delivered to your warehouse according to FedEx tracking #REF-98267. When will inspection complete and refund issue? Kindly advise.,Medium,In Progress,Mobile App
TCK-11089,Neha Brown,neha.brown54@example.com,Account Issue,"Urgent: My account profile picture and username will not update. It says 'Profile updated successfully', but old details remain. Thanks.",High,Pending Customer,Live Chat
TCK-11509,Ethan Garcia,ethan.garcia55@example.com,Delivery Issue,"Hey, Package is held at customs clearance depot for 8 days because the shipping invoice documentation was missing from the parcel. Let me know how to proceed.",Medium,Pending Customer,Live Chat
TCK-11271,Alex Smith,alex.smith64@example.com,Product Complaint,"Hi Support Team, The non-stick frying pan coating began peeling and flaking into food after just three gentle hand-wash cleanings. Thanks.",Medium,Resolved,Mobile App
TCK-10380,Morgan Johnson,morgan.johnson12@example.com,Login Problem,"Help needed: I changed my registered email address last week, and now neither the old nor the new email is recognized by the login system. Kindly advise.",Low,Pending Customer,Mobile App
TCK-10421,Avery Tanaka,avery.tanaka75@example.com,Order Status,I need to check the delivery timeline for purchase #329564. Will it reach before Friday as I am traveling out of state? Thanks.,Low,Pending Customer,Email
TCK-11498,Avery Wang,avery.wang93@example.com,Delivery Issue,"Hey, Courier marked my package as 'Delivered to resident', but no one was home and there is no package on the porch or with neighbors. Kindly advise.",Low,Open,Email
TCK-10466,Casey Sharma,casey.sharma39@example.com,Order Status,"Hey, I never received an order confirmation email with my tracking number for the purchase made yesterday evening. Card was charged. Thanks.",Medium,Resolved,Mobile App
TCK-11204,Emma Brown,emma.brown63@example.com,Product Complaint,"Hi Support Team, Fragile glass vase was shipped without adequate bubble wrap or protective padding, arriving completely shattered into pieces. Please help me resolve this ASAP.",High,In Progress,Live Chat
TCK-10568,Amelia Tanaka,amelia.tanaka86@example.com,Order Status,"Hey, I never received an order confirmation email with my tracking number for the purchase made yesterday evening. Card was charged. Thank you!",Medium,Open,Live Chat
TCK-11574,Nikhil Rodriguez,nikhil.rodriguez72@example.com,Delivery Issue,"Hi Support Team, Signature was required for this high-value laptop delivery, yet the carrier signed on my behalf with fake initials and dumped it. Let me know how to proceed.",Medium,In Progress,Email
TCK-10577,Daniel Brown,daniel.brown99@example.com,Order Status,"Hey, Where is my package for order #349741? The courier tracking shows 'Manifest Created' but carrier has not picked it up. This is very frustrating.",High,In Progress,Live Chat
TCK-10061,William Miller,william.miller93@example.com,Payment Issue,Help needed: I was charged twice on my credit card for order #579416. Please check your billing system and reverse the duplicate $327.99 charge immediately. Appreciate your quick assistance.,Critical,Open,Mobile App
TCK-11345,Sophia Verma,sophia.verma96@example.com,Product Complaint,"The wireless earbuds have terrible battery life, dying in less than 45 minutes instead of the advertised 8 hours of playback. Let me know how to proceed.",Medium,Open,Mobile App
TCK-10265,Amelia Brown,amelia.brown56@example.com,Login Problem,"Hi Support Team, I changed my registered email address last week, and now neither the old nor the new email is recognized by the login system. Thanks.",Medium,In Progress,Live Chat
TCK-11287,Isabella Verma,isabella.verma84@example.com,Product Complaint,Help needed: The camera lens has internal dust particles sealed beneath the glass element which blurs every photo taken. Appreciate your quick assistance.,Low,Open,Mobile App
TCK-10872,Alex Gupta,alex.gupta90@example.com,Technical Support,"Audio output does not work during video conferences on the web app. Microphone input is detected, but remote audio is silent. Thanks.",Low,Pending Customer,Live Chat
TCK-10709,James Verma,james.verma72@example.com,Refund Request,"Hi Support Team, I returned the damaged jacket 10 days ago (return tracking #REF-55060). When will my refund of $729.25 be processed back to my card? Please help me resolve this ASAP.",High,Pending Customer,Live Chat
TCK-10155,Nikhil Kim,nikhil.kim48@example.com,Payment Issue,"Hi Support Team, Payment went through and I have bank reference #REF-74018, but the cart still says 'Awaiting Payment' and did not issue an order receipt. Thanks.",Low,Open,Mobile App
TCK-11592,Aarav Williams,aarav.williams13@example.com,Delivery Issue,"Good day, Estimated delivery date has changed 4 times this week. First Monday, then Wednesday, now next week. Highly unreliable service. Let me know how to proceed.",Low,Pending Customer,Mobile App
TCK-10595,Avery Sharma,avery.sharma65@example.com,Order Status,"Urgent: I ordered three items under order #444216, but received only one small parcel today. Are the remaining two items shipping separately?",Critical,Resolved,Email
TCK-11538,Alex Chen,alex.chen44@example.com,Delivery Issue,Urgent: The courier tracking shows 'Returned to Sender - Recipient Not Found' without making any delivery attempt or phone call.,Critical,Open,Live Chat
TCK-11453,Avery Johnson,avery.johnson78@example.com,Delivery Issue,"Good day, Package is held at customs clearance depot for 8 days because the shipping invoice documentation was missing from the parcel.",Medium,Pending Customer,Live Chat
TCK-11398,Avery Williams,avery.williams89@example.com,Product Complaint,"Hello, Missing essential accessories: the package did not include the power charging adapter and USB cable specified on the box. Kindly advise.",Low,Pending Customer,Live Chat
TCK-11286,Taylor Tanaka,taylor.tanaka91@example.com,Product Complaint,The non-stick frying pan coating began peeling and flaking into food after just three gentle hand-wash cleanings. Let me know how to proceed.,Medium,In Progress,Mobile App
TCK-11270,Charlotte Smith,charlotte.smith33@example.com,Product Complaint,To whom it may concern: The smartphone display screen arrived with multiple visible scratches and a dead pixel in the center. Very poor quality control. Thank you!,Medium,In Progress,Web Portal
TCK-10446,Amelia Chen,amelia.chen95@example.com,Order Status,"Dear Customer Service, I need to check the delivery timeline for purchase #968897. Will it reach before Friday as I am traveling out of state? Appreciate your quick assistance.",Low,Open,Live Chat
TCK-10702,Charlotte Gupta,charlotte.gupta63@example.com,Refund Request,Help needed: The return courier picked up the parcel from my doorstep on Monday. Kindly initiate the refund to my original payment source. Thank you!,Low,In Progress,Email
TCK-10796,Alex Patel,alex.patel82@example.com,Refund Request,"Dear Customer Service, The flight ticket was cancelled due to schedule changes by your airline partner. I demand a prompt 100% cash refund. Looking forward to your prompt response.",Medium,Resolved,Live Chat
TCK-10929,Rahul Johnson,rahul.johnson35@example.com,Technical Support,Help needed: The desktop application crashes immediately upon opening on macOS Sonoma. Error log mentions 'Segmentation fault at 0x000003'. Thank you!,High,Pending Customer,Email
TCK-10522,Daniel Verma,daniel.verma96@example.com,Order Status,To whom it may concern: I need to check the delivery timeline for purchase #282484. Will it reach before Friday as I am traveling out of state? This is very frustrating.,Medium,Open,Email
TCK-10432,Avery Martinez,avery.martinez71@example.com,Order Status,"Good day, Is there any update on the backordered item in order #401075? It has been 2 weeks since the expected restock date. Kindly advise.",Low,Pending Customer,Web Portal
TCK-11496,Jordan Garcia,jordan.garcia64@example.com,Delivery Issue,Urgent: The courier tracking shows 'Returned to Sender - Recipient Not Found' without making any delivery attempt or phone call. Kindly advise.,Critical,Resolved,Web Portal
TCK-11038,Charlotte Martinez,charlotte.martinez82@example.com,Account Issue,"Urgent: My account profile picture and username will not update. It says 'Profile updated successfully', but old details remain.",Critical,Open,Web Portal
TCK-10183,Nikhil Patel,nikhil.patel41@example.com,Payment Issue,"Hello, Automatic renewal charged my expired card somehow and gave an overdue penalty of $453.25. Please fix my payment method. Let me know how to proceed.",Medium,Pending Customer,Web Portal
TCK-10279,Jordan Sharma,jordan.sharma19@example.com,Login Problem,To whom it may concern: Two-factor authentication code (2FA) is not arriving on my phone number. I have been locked out of my portal for 4 hours. Looking forward to your prompt response.,Critical,Open,Web Portal
TCK-10023,Alex Davis,alex.davis50@example.com,Payment Issue,I received an unexpected transaction alert of $652.00 from your company that I did not authorize. Please investigate this billing error. Let me know how to proceed.,Medium,Resolved,Mobile App
TCK-10852,Ananya Patel,ananya.patel23@example.com,Technical Support,Getting HTTP 500 Internal Server Error whenever I click on the 'Export PDF Report' button in the dashboard analytics module. Please help me resolve this ASAP.,High,Open,Web Portal
TCK-11253,James Singh,james.singh79@example.com,Product Complaint,"To whom it may concern: The wireless earbuds have terrible battery life, dying in less than 45 minutes instead of the advertised 8 hours of playback.",Medium,Resolved,Live Chat
TCK-10950,Riley Miller,riley.miller87@example.com,Technical Support,"File upload feature fails for files larger than 15MB with 'Payload Too Large' error, despite our plan allowing up to 100MB uploads. Thank you!",Low,Resolved,Mobile App
TCK-10318,Michael Brown,michael.brown15@example.com,Login Problem,"Hey, I changed my registered email address last week, and now neither the old nor the new email is recognized by the login system. Let me know how to proceed.",Medium,In Progress,Email
TCK-10801,Morgan Singh,morgan.singh94@example.com,Technical Support,To whom it may concern: WebSocket connection drops repeatedly with code 1006. Reconnection attempts cause UI lag and high CPU consumption. Thank you!,Low,In Progress,Mobile App
TCK-10427,Mia Davis,mia.davis75@example.com,Order Status,The tracking dashboard says 'Exception: Delay due to weather conditions'. How many days of delay should I anticipate? Appreciate your quick assistance.,Low,In Progress,Email
TCK-11378,Emma Miller,emma.miller91@example.com,Product Complaint,Urgent: The camera lens has internal dust particles sealed beneath the glass element which blurs every photo taken.,High,Resolved,Web Portal
TCK-10267,Casey Wang,casey.wang53@example.com,Login Problem,"Hi Support Team, Verification code sent to authenticator app (Google Authenticator) says 'Code expired' every time I type it in. Thank you!",Low,Resolved,Web Portal
TCK-10391,David Lee,david.lee92@example.com,Login Problem,"To whom it may concern: The CAPTCHA on the login page does not load, leaving a blank square. Because of this, the login button remains disabled. Let me know how to proceed.",Low,Resolved,Live Chat
TCK-10957,Priya Sharma,priya.sharma11@example.com,Technical Support,"Hey, The browser extension freezes Chrome tabs when scrolling through large document lists. Need an updated patch or workaround. Appreciate your quick assistance.",Low,Pending Customer,Email
TCK-10880,Alex Miller,alex.miller57@example.com,Technical Support,"Good day, After the latest firmware v2.4.1 update, the smart hub disconnects from Wi-Fi every 15 minutes and requires a manual power cycle. Let me know how to proceed.",Low,In Progress,Email
TCK-10584,Pat Garcia,pat.garcia35@example.com,Order Status,Help needed: Can you please provide the latest tracking status for my order #960094? Placed it 6 days ago and haven't received any dispatch email. Let me know how to proceed.,Medium,Resolved,Mobile App
TCK-11238,Casey Gupta,casey.gupta61@example.com,Product Complaint,"Dear Customer Service, One of the dining table legs is two inches shorter than the others, making the table wobble violently. Defective manufacturing. Please help me resolve this ASAP.",High,Open,Mobile App
TCK-10930,Alex Wang,alex.wang32@example.com,Technical Support,To whom it may concern: The REST API returns 429 Too Many Requests even though our traffic is well under the 60 requests/minute tier quota limit. Thanks.,Low,In Progress,Web Portal
TCK-11376,Alexander Williams,alexander.williams46@example.com,Product Complaint,"Hi Support Team, The blender motor started smoking and smelled like burning plastic on its very first usage at normal speed setting. Dangerous hazard. Thanks.",Critical,Resolved,Mobile App
TCK-10778,Priya Lee,priya.lee60@example.com,Refund Request,"Hey, Can I get a refund back to my original payment method? I have already shipped the return item. Kindly advise.",Low,In Progress,Web Portal
TCK-10531,Nikhil Kim,nikhil.kim22@example.com,Order Status,To whom it may concern: Order #163763 is shown as 'Preparing for dispatch' since Monday. Customer care bot is not providing meaningful updates. Appreciate your quick assistance.,Low,Resolved,Mobile App
TCK-10142,Aarav Williams,aarav.williams80@example.com,Payment Issue,"Hello, Attempting to pay via PayPal gives error code PAY_9021. The payment processing loop just hangs without confirmation. Thanks.",Medium,In Progress,Web Portal
TCK-10283,David Johnson,david.johnson76@example.com,Login Problem,"Urgent: The mobile app keeps logging me out every 2 minutes. When I attempt to re-login, the login button spins continuously without responding. Let me know how to proceed.",High,Pending Customer,Live Chat
TCK-10654,Riley Williams,riley.williams99@example.com,Refund Request,Help needed: Sent the package back via postal return. Where is my refund? It has been over two weeks. Please help me resolve this ASAP.,Critical,Pending Customer,Web Portal
TCK-11394,Olivia Lee,olivia.lee34@example.com,Product Complaint,"Hey, Product description claimed this monitor has built-in speakers and HDR support, but the unit received lacks both features entirely. Kindly advise.",Medium,Resolved,Mobile App
TCK-10157,Rahul Brown,rahul.brown41@example.com,Payment Issue,Help needed: I was charged twice on my credit card for order #244524. Please check your billing system and reverse the duplicate $451.25 charge immediately. This is very frustrating.,Critical,Resolved,Mobile App
TCK-11203,Isabella Gupta,isabella.gupta41@example.com,Product Complaint,"Hey, One of the dining table legs is two inches shorter than the others, making the table wobble violently. Defective manufacturing. Kindly advise.",Low,Resolved,Email
TCK-11139,Nikhil Singh,nikhil.singh40@example.com,Account Issue,"Good day, Our team seat count is capped at 5, but our invoice shows 10 active licenses. Please audit our user seats and adjust the billing tier.",Low,Resolved,Email
TCK-10847,Sophia Rodriguez,sophia.rodriguez76@example.com,Technical Support,"Good day, File upload feature fails for files larger than 15MB with 'Payload Too Large' error, despite our plan allowing up to 100MB uploads. Appreciate your quick assistance.",Medium,Resolved,Mobile App
TCK-10670,Taylor Williams,taylor.williams36@example.com,Refund Request,"Received defective electronic headphones. I don't want a replacement, I strictly request a full refund to my original card. Looking forward to your prompt response.",Low,Resolved,Email
TCK-11278,Pat Brown,pat.brown94@example.com,Product Complaint,To whom it may concern: The smartphone display screen arrived with multiple visible scratches and a dead pixel in the center. Very poor quality control.,Medium,Open,Web Portal
TCK-10652,Priya Patel,priya.patel30@example.com,Refund Request,"Help needed: You approved my return request last Tuesday, but I have not received the credit note or refund payment confirmation yet. Appreciate your quick assistance.",Low,In Progress,Mobile App
TCK-10625,Olivia Chen,olivia.chen46@example.com,Refund Request,I was charged for a cancelled order #639327. Please expedite the refund process as this was an error on your store's end. Thanks.,Medium,Pending Customer,Mobile App
TCK-10765,Daniel Miller,daniel.miller51@example.com,Refund Request,"Hello, How long does it take for a refund to show on a Visa debit card? Your support agent said 3-5 business days, but today is day 9. Please help me resolve this ASAP.",Critical,In Progress,Web Portal
TCK-10017,Sam Johnson,sam.johnson48@example.com,Payment Issue,"Dear Customer Service, I received an unexpected transaction alert of $198.25 from your company that I did not authorize. Please investigate this billing error. Appreciate your quick assistance.",Low,Resolved,Web Portal
TCK-10087,Ethan Sharma,ethan.sharma12@example.com,Payment Issue,"My Apple Pay transaction timed out at final review, yet my credit limit shows the hold. Did the payment clear or should I retry? Thanks.",Medium,Resolved,Email
TCK-11437,Rahul Brown,rahul.brown86@example.com,Delivery Issue,Urgent: My parcel was sent to the wrong delivery hub across the country due to a barcode sorting misroute. Need urgent reroute. Looking forward to your prompt response.,High,Pending Customer,Mobile App
TCK-10865,Morgan Sharma,morgan.sharma40@example.com,Technical Support,"Dear Customer Service, SSL certificate on your webhook callback domain appears to have expired yesterday, causing all our automated background jobs to fail. Kindly advise.",Medium,Pending Customer,Mobile App
TCK-11090,Rahul Miller,rahul.miller65@example.com,Account Issue,Urgent: Please help me update the legal company name and tax ID (VAT number) on our corporate subscription account. Appreciate your quick assistance.,High,Resolved,Mobile App
TCK-10090,Olivia Patel,olivia.patel46@example.com,Payment Issue,Help needed: Attempting to pay via PayPal gives error code PAY_9021. The payment processing loop just hangs without confirmation. Thank you!,Medium,Resolved,Web Portal
TCK-10521,Alex Williams,alex.williams21@example.com,Order Status,"Good day, My order status abruptly changed from 'Shipped' back to 'On Hold'. What is the reason for this hold? Appreciate your quick assistance.",Low,Pending Customer,Mobile App
TCK-10772,William Davis,william.davis25@example.com,Refund Request,"Requested a refund 2 weeks ago for order #380339. Still waiting. If not processed today, I will have to file a credit card chargeback. Kindly advise.",High,In Progress,Live Chat
TCK-10733,Emma Martinez,emma.martinez74@example.com,Refund Request,"Hello, You approved my return request last Tuesday, but I have not received the credit note or refund payment confirmation yet. Thank you!",Low,Open,Email
TCK-11274,Sophia Chen,sophia.chen52@example.com,Product Complaint,"Good day, The material of this winter coat is extremely cheap and thin, completely different from what was advertised in your product photos. Appreciate your quick assistance.",Low,Resolved,Live Chat
TCK-10770,Daniel Singh,daniel.singh28@example.com,Refund Request,"Hello, I am asking for my money back because the service was not provided. Please issue reimbursement. Appreciate your quick assistance.",Low,In Progress,Live Chat
TCK-11324,David Brown,david.brown98@example.com,Product Complaint,"Hey, Shoes look like they were previously worn; the soles are scuffed and dirty right out of the sealed shipping box. Please help me resolve this ASAP.",High,Resolved,Email
TCK-10402,Sophia Verma,sophia.verma81@example.com,Order Status,"Hi Support Team, Can you please provide the latest tracking status for my order #540605? Placed it 6 days ago and haven't received any dispatch email. Please help me resolve this ASAP.",High,In Progress,Web Portal
TCK-10362,Casey Sharma,casey.sharma99@example.com,Login Problem,Help needed: Verification code sent to authenticator app (Google Authenticator) says 'Code expired' every time I type it in. Kindly advise.,Low,Pending Customer,Mobile App
TCK-11554,Ethan Jones,ethan.jones36@example.com,Delivery Issue,Urgent: My parcel was sent to the wrong delivery hub across the country due to a barcode sorting misroute. Need urgent reroute. Please help me resolve this ASAP.,High,Open,Email
TCK-10278,Alexander Singh,alexander.singh29@example.com,Login Problem,"Hi Support Team, The mobile app keeps logging me out every 2 minutes. When I attempt to re-login, the login button spins continuously without responding. This is very frustrating.",Medium,In Progress,Mobile App
TCK-10149,Casey Rodriguez,casey.rodriguez29@example.com,Payment Issue,"Hello, Bank statement shows two identical deductions of $442.25 dated yesterday for the same order #769719. Kindly refund the extra deduction. Looking forward to your prompt response.",Low,Resolved,Email
TCK-10192,Daniel Verma,daniel.verma51@example.com,Payment Issue,"Good day, I was charged twice on my credit card for order #672664. Please check your billing system and reverse the duplicate $143.50 charge immediately. Please help me resolve this ASAP.",Critical,Pending Customer,Web Portal
TCK-11542,James Williams,james.williams62@example.com,Delivery Issue,"Good day, The courier attempted delivery at 6:30 AM without ringing the doorbell, left a 'Failed Attempt' slip, and returned it to the depot. Thank you!",Medium,Open,Web Portal
TCK-11428,Taylor Kim,taylor.kim59@example.com,Delivery Issue,"Urgent: The delivery driver literally threw the heavy parcel over my high front fence, denting the outer shipping box.",Critical,In Progress,Mobile App
TCK-10458,Mia Verma,mia.verma25@example.com,Order Status,Urgent: Order status shows 'In Transit' for the last 10 days with no location scans since leaving the regional sorting hub. Looking forward to your prompt response.,High,Pending Customer,Live Chat
TCK-11355,Sam Smith,sam.smith35@example.com,Product Complaint,"Help needed: The wireless earbuds have terrible battery life, dying in less than 45 minutes instead of the advertised 8 hours of playback. Let me know how to proceed.",Low,Resolved,Web Portal
TCK-10722,James Brown,james.brown13@example.com,Refund Request,"Hi Support Team, I am asking for my money back because the service was not provided. Please issue reimbursement. Thank you!",Low,Open,Live Chat
TCK-11480,Amelia Wang,amelia.wang91@example.com,Delivery Issue,"To whom it may concern: Estimated delivery date has changed 4 times this week. First Monday, then Wednesday, now next week. Highly unreliable service. This is very frustrating.",High,Resolved,Web Portal
TCK-11177,Sam Miller,sam.miller22@example.com,Account Issue,"Hello, How do I download a complete archive copy of my account data, purchase history, and uploaded invoices for tax auditing? Kindly advise.",Low,Pending Customer,Web Portal
TCK-10354,William Patel,william.patel33@example.com,Login Problem,"Good day, When I try to login from my home office IP address, it flags 'Suspicious login detected' and blocks my access completely. Thank you!",Low,Resolved,Live Chat
TCK-11553,Pat Tanaka,pat.tanaka91@example.com,Delivery Issue,"Dear Customer Service, My parcel was sent to the wrong delivery hub across the country due to a barcode sorting misroute. Need urgent reroute. This is very frustrating.",High,Resolved,Mobile App
TCK-10738,Priya Martinez,priya.martinez77@example.com,Refund Request,"Hello, How long does it take for a refund to show on a Visa debit card? Your support agent said 3-5 business days, but today is day 9. Thanks.",Medium,In Progress,Web Portal
TCK-11317,Sam Martinez,sam.martinez53@example.com,Product Complaint,Urgent: The blender motor started smoking and smelled like burning plastic on its very first usage at normal speed setting. Dangerous hazard. Please help me resolve this ASAP.,Critical,Pending Customer,Web Portal
TCK-11340,Sophia Jones,sophia.jones66@example.com,Product Complaint,"Help needed: The wireless earbuds have terrible battery life, dying in less than 45 minutes instead of the advertised 8 hours of playback. Let me know how to proceed.",Medium,Open,Live Chat
TCK-10143,Jordan Tanaka,jordan.tanaka99@example.com,Payment Issue,Help needed: Payment verification OTP is never delivered to my registered phone number during 3D Secure authentication. Payment times out every time. This is very frustrating.,Medium,Open,Live Chat
TCK-10965,Amelia Rodriguez,amelia.rodriguez34@example.com,Technical Support,To whom it may concern: Getting HTTP 500 Internal Server Error whenever I click on the 'Export PDF Report' button in the dashboard analytics module. Let me know how to proceed.,Low,Resolved,Web Portal
TCK-11393,Aarav Garcia,aarav.garcia72@example.com,Product Complaint,"Help needed: One of the dining table legs is two inches shorter than the others, making the table wobble violently. Defective manufacturing. Looking forward to your prompt response.",Low,Pending Customer,Email
TCK-11187,Alexander Rodriguez,alexander.rodriguez99@example.com,Account Issue,"Good day, We are receiving marketing emails and promotional newsletters even though all communication preferences are disabled in my profile. Appreciate your quick assistance.",Low,Resolved,Mobile App
TCK-11250,Olivia Verma,olivia.verma65@example.com,Product Complaint,To whom it may concern: The blender motor started smoking and smelled like burning plastic on its very first usage at normal speed setting. Dangerous hazard. Looking forward to your prompt response.,High,In Progress,Mobile App
TCK-10984,William Williams,william.williams25@example.com,Technical Support,Mobile app push notifications are completely failing on Android 14 devices. Permissions are enabled in system settings. Thanks.,Medium,Pending Customer,Web Portal
TCK-11212,Sophia Chen,sophia.chen21@example.com,Product Complaint,"The wireless earbuds have terrible battery life, dying in less than 45 minutes instead of the advertised 8 hours of playback. Let me know how to proceed.",Low,Open,Live Chat
TCK-10952,Emma Verma,emma.verma67@example.com,Technical Support,"Hey, Audio output does not work during video conferences on the web app. Microphone input is detected, but remote audio is silent. This is very frustrating.",Medium,Open,Web Portal
TCK-10123,Riley Singh,riley.singh19@example.com,Payment Issue,To whom it may concern: I received an unexpected transaction alert of $647.50 from your company that I did not authorize. Please investigate this billing error. Thank you!,Low,In Progress,Email
TCK-11424,Sam Rodriguez,sam.rodriguez17@example.com,Delivery Issue,"Help needed: Signature was required for this high-value laptop delivery, yet the carrier signed on my behalf with fake initials and dumped it. This is very frustrating.",High,In Progress,Email
TCK-11025,Aarav Rodriguez,aarav.rodriguez40@example.com,Account Issue,"Hello, I need to change my primary registered email address from old@example.com to new@example.com because I lost access to the old email provider. Kindly advise.",Medium,Pending Customer,Mobile App
TCK-10078,Casey Brown,casey.brown62@example.com,Payment Issue,"Hello, Automatic renewal charged my expired card somehow and gave an overdue penalty of $632.25. Please fix my payment method. This is very frustrating.",High,Open,Live Chat
TCK-11381,Alexander Tanaka,alexander.tanaka13@example.com,Product Complaint,"Hey, The camera lens has internal dust particles sealed beneath the glass element which blurs every photo taken. Looking forward to your prompt response.",Medium,Resolved,Live Chat
TCK-11344,Ananya Lee,ananya.lee29@example.com,Product Complaint,"Hey, The software license key printed on the inside card says 'Already Redeemed by another user'. I bought this brand new sealed. This is very frustrating.",Medium,Pending Customer,Mobile App
TCK-10736,Taylor Johnson,taylor.johnson29@example.com,Refund Request,"Help needed: Refund status says 'Completed' in my portal, but my bank statement shows zero incoming transfers. Please share the ARN / bank reference number. This is very frustrating.",High,Pending Customer,Email
TCK-11549,Casey Kim,casey.kim96@example.com,Delivery Issue,"To whom it may concern: The delivery status has said 'Out for Delivery' for three consecutive days from 8 AM to 9 PM, but driver never shows up. Thank you!",Medium,In Progress,Live Chat
TCK-10104,Avery Sharma,avery.sharma32@example.com,Payment Issue,"Hey, Attempting to pay via PayPal gives error code PAY_9021. The payment processing loop just hangs without confirmation. Kindly advise.",Medium,Open,Mobile App
TCK-11157,Ethan Davis,ethan.davis37@example.com,Account Issue,"How do I download a complete archive copy of my account data, purchase history, and uploaded invoices for tax auditing? Let me know how to proceed.",Low,Pending Customer,Email
TCK-10304,Morgan Sharma,morgan.sharma34@example.com,Login Problem,"Dear Customer Service, Two-factor authentication code (2FA) is not arriving on my phone number. I have been locked out of my portal for 4 hours. Let me know how to proceed.",Critical,In Progress,Web Portal
TCK-10763,Isabella Gupta,isabella.gupta39@example.com,Refund Request,"Help needed: How long does it take for a refund to show on a Visa debit card? Your support agent said 3-5 business days, but today is day 9. Let me know how to proceed.",Low,Open,Live Chat
TCK-10268,Michael Johnson,michael.johnson96@example.com,Login Problem,"Hi Support Team, The mobile app keeps logging me out every 2 minutes. When I attempt to re-login, the login button spins continuously without responding. Appreciate your quick assistance.",Low,Pending Customer,Live Chat
TCK-11548,Pat Miller,pat.miller58@example.com,Delivery Issue,"Hello, My parcel was sent to the wrong delivery hub across the country due to a barcode sorting misroute. Need urgent reroute.",Critical,Resolved,Web Portal
TCK-10909,Michael Tanaka,michael.tanaka59@example.com,Technical Support,Getting HTTP 500 Internal Server Error whenever I click on the 'Export PDF Report' button in the dashboard analytics module. Looking forward to your prompt response.,Low,Pending Customer,Live Chat
TCK-10932,Alex Johnson,alex.johnson29@example.com,Technical Support,"Hi Support Team, Getting HTTP 500 Internal Server Error whenever I click on the 'Export PDF Report' button in the dashboard analytics module. Thank you!",Low,In Progress,Web Portal
TCK-10586,Emma Martinez,emma.martinez22@example.com,Order Status,Help needed: Checking if order #495485 can still be expedited to express next-day delivery? I am willing to pay the difference. Thank you!,Low,In Progress,Live Chat
TCK-10974,Alexander Gupta,alexander.gupta17@example.com,Technical Support,"Hello, Search functionality in the app is broken; typing any search query returns an unhandled React error in the browser console. This is very frustrating.",Medium,Pending Customer,Email
TCK-11584,Morgan Martinez,morgan.martinez79@example.com,Delivery Issue,"Hello, My parcel was sent to the wrong delivery hub across the country due to a barcode sorting misroute. Need urgent reroute. Thanks.",High,Pending Customer,Email
TCK-11015,Morgan Garcia,morgan.garcia39@example.com,Account Issue,"Good day, Need to remove a former administrator from our organization workspace and reassign all project ownership to my user ID. Thank you!",Medium,Open,Mobile App
TCK-10248,Ethan Tanaka,ethan.tanaka10@example.com,Login Problem,"Dear Customer Service, My account says 'Account Temporarily Locked due to too many failed attempts'. How do I unlock it? I need access for my work urgently. Kindly advise.",High,In Progress,Mobile App
TCK-11027,Morgan Wang,morgan.wang56@example.com,Account Issue,"Dear Customer Service, We are receiving marketing emails and promotional newsletters even though all communication preferences are disabled in my profile. Appreciate your quick assistance.",Low,Open,Mobile App
TCK-11019,Aarav Patel,aarav.patel46@example.com,Account Issue,"Hey, I need to change my primary registered email address from old@example.com to new@example.com because I lost access to the old email provider. Please help me resolve this ASAP.",High,Open,Live Chat
TCK-10004,Mia Tanaka,mia.tanaka82@example.com,Payment Issue,"Dear Customer Service, Automatic renewal charged my expired card somehow and gave an overdue penalty of $769.25. Please fix my payment method. Thank you!",Medium,Pending Customer,Web Portal
TCK-10676,Michael Smith,michael.smith64@example.com,Refund Request,"Hey, Can I get a refund back to my original payment method? I have already shipped the return item. This is very frustrating.",High,Open,Email
TCK-10049,Sophia Verma,sophia.verma85@example.com,Payment Issue,Urgent: I was charged twice on my credit card for order #248968. Please check your billing system and reverse the duplicate $609.99 charge immediately. Please help me resolve this ASAP.,High,Pending Customer,Web Portal
TCK-10397,Rahul Jones,rahul.jones68@example.com,Login Problem,Verification code sent to authenticator app (Google Authenticator) says 'Code expired' every time I type it in. Please help me resolve this ASAP.,Critical,Resolved,Mobile App
TCK-10630,Daniel Davis,daniel.davis94@example.com,Refund Request,To whom it may concern: Can I get a refund back to my original payment method? I have already shipped the return item. Appreciate your quick assistance.,Low,Resolved,Web Portal
TCK-11094,Riley Singh,riley.singh75@example.com,Account Issue,"Hi Support Team, Please help me update the legal company name and tax ID (VAT number) on our corporate subscription account. This is very frustrating.",High,Open,Mobile App
TCK-10293,Avery Lee,avery.lee37@example.com,Login Problem,"Hi Support Team, Verification code sent to authenticator app (Google Authenticator) says 'Code expired' every time I type it in. Thank you!",Low,Open,Web Portal
TCK-10269,Sam Sharma,sam.sharma54@example.com,Login Problem,"I clicked 'Forgot Password' multiple times, but the password reset link email never arrives in my inbox or spam folder.",Medium,Resolved,Live Chat
TCK-10797,Emma Verma,emma.verma52@example.com,Refund Request,"Hi Support Team, I want my money back for the defective item I returned last week. Please process the credit immediately. Looking forward to your prompt response.",High,Open,Email
TCK-10371,Jordan Rodriguez,jordan.rodriguez93@example.com,Login Problem,"The mobile app keeps logging me out every 2 minutes. When I attempt to re-login, the login button spins continuously without responding.",Low,In Progress,Live Chat
TCK-11044,Rahul Jones,rahul.jones20@example.com,Account Issue,Help needed: Unable to modify my shipping address in saved profile settings. The 'Save Address' button stays greyed out. Thanks.,Medium,Pending Customer,Live Chat
TCK-10720,Pat Lee,pat.lee29@example.com,Refund Request,To whom it may concern: The return courier picked up the parcel from my doorstep on Monday. Kindly initiate the refund to my original payment source.,Medium,Resolved,Live Chat
TCK-10225,Jordan Smith,jordan.smith65@example.com,Login Problem,"Help needed: I cannot log into my account. When I submit my password, the screen displays 'Invalid Credentials' even though I just reset it. Thank you!",Medium,In Progress,Live Chat
TCK-10373,Morgan Rodriguez,morgan.rodriguez86@example.com,Login Problem,"Hello, Verification code sent to authenticator app (Google Authenticator) says 'Code expired' every time I type it in. This is very frustrating.",High,In Progress,Mobile App
TCK-10191,David Chen,david.chen65@example.com,Payment Issue,"Help needed: Payment went through and I have bank reference #REF-64741, but the cart still says 'Awaiting Payment' and did not issue an order receipt. Let me know how to proceed.",Low,Open,Mobile App
TCK-10995,Alex Miller,alex.miller53@example.com,Technical Support,"Hey, The REST API returns 429 Too Many Requests even though our traffic is well under the 60 requests/minute tier quota limit. Thanks.",Low,Open,Mobile App
TCK-10093,Emma Tanaka,emma.tanaka51@example.com,Payment Issue,"Hey, The installment payment option failed to split my bill, and you deducted the full amount of $573.75 at once. Please correct the installment plan. Looking forward to your prompt response.",Medium,In Progress,Web Portal
TCK-10814,Riley Verma,riley.verma94@example.com,Technical Support,"Good day, Our developers are unable to integrate the Webhook endpoint. Incoming POST payloads are missing the signature verification header.",Medium,Resolved,Live Chat
TCK-11002,Daniel Chen,daniel.chen66@example.com,Account Issue,"Good day, I accidentally created two duplicate profiles for the same customer. Can your support team merge their loyalty points? Looking forward to your prompt response.",Low,Resolved,Web Portal
TCK-11151,Alex Chen,alex.chen91@example.com,Account Issue,"Urgent: My account profile picture and username will not update. It says 'Profile updated successfully', but old details remain. Looking forward to your prompt response.",Critical,In Progress,Email
TCK-10368,Nikhil Brown,nikhil.brown47@example.com,Login Problem,"Good day, Verification code sent to authenticator app (Google Authenticator) says 'Code expired' every time I type it in. Let me know how to proceed.",Low,In Progress,Live Chat
TCK-11116,Riley Wang,riley.wang51@example.com,Account Issue,"Good day, We are receiving marketing emails and promotional newsletters even though all communication preferences are disabled in my profile. Please help me resolve this ASAP.",Critical,Resolved,Web Portal
TCK-10022,Olivia Kim,olivia.kim59@example.com,Payment Issue,"Hi Support Team, I received an unexpected transaction alert of $692.75 from your company that I did not authorize. Please investigate this billing error. Let me know how to proceed.",Low,In Progress,Mobile App
TCK-10409,Priya Tanaka,priya.tanaka39@example.com,Order Status,"Hey, Checking if order #933083 can still be expedited to express next-day delivery? I am willing to pay the difference. Looking forward to your prompt response.",Low,In Progress,Email
TCK-10886,Jordan Patel,jordan.patel19@example.com,Technical Support,"Urgent: SSL certificate on your webhook callback domain appears to have expired yesterday, causing all our automated background jobs to fail. Thank you!",Critical,Resolved,Email
TCK-11482,Sam Singh,sam.singh78@example.com,Delivery Issue,"Hey, Estimated delivery date has changed 4 times this week. First Monday, then Wednesday, now next week. Highly unreliable service. Appreciate your quick assistance.",Low,Pending Customer,Email
TCK-10185,Nikhil Davis,nikhil.davis60@example.com,Payment Issue,I was charged twice on my credit card for order #455643. Please check your billing system and reverse the duplicate $26.99 charge immediately. This is very frustrating.,High,In Progress,Email
TCK-10564,Sophia Davis,sophia.davis22@example.com,Order Status,"Hi Support Team, The tracking dashboard says 'Exception: Delay due to weather conditions'. How many days of delay should I anticipate?",Low,Resolved,Live Chat
TCK-10072,Alex Brown,alex.brown37@example.com,Payment Issue,Bank statement shows two identical deductions of $294.50 dated yesterday for the same order #128820. Kindly refund the extra deduction. Thanks.,Medium,Resolved,Live Chat
TCK-11307,Amelia Rodriguez,amelia.rodriguez84@example.com,Product Complaint,The smartphone display screen arrived with multiple visible scratches and a dead pixel in the center. Very poor quality control.,Medium,In Progress,Email
TCK-10058,Avery Davis,avery.davis72@example.com,Payment Issue,To whom it may concern: I cannot add my new credit card in the billing settings. It shows 'Tokenization Failed - invalid CVV' even though CVV is completely correct.,Medium,Resolved,Mobile App
TCK-10743,Isabella Sharma,isabella.sharma98@example.com,Refund Request,"Hi Support Team, The flight ticket was cancelled due to schedule changes by your airline partner. I demand a prompt 100% cash refund. Thanks.",Medium,Pending Customer,Live Chat
TCK-10619,Taylor Patel,taylor.patel81@example.com,Refund Request,Urgent: Sent the package back via postal return. Where is my refund? It has been over two weeks. Thank you!,Critical,Open,Live Chat
TCK-10250,Taylor Smith,taylor.smith82@example.com,Login Problem,"Hi Support Team, The CAPTCHA on the login page does not load, leaving a blank square. Because of this, the login button remains disabled. Appreciate your quick assistance.",Medium,In Progress,Mobile App
TCK-10172,Avery Singh,avery.singh52@example.com,Payment Issue,"Good day, Every time I try to complete payment using Google Pay, the checkout page refreshes and clears my shopping bag without placing the order. Appreciate your quick assistance.",Low,Open,Live Chat
TCK-10007,Emma Rodriguez,emma.rodriguez89@example.com,Payment Issue,"To whom it may concern: My payment failed during checkout using my Mastercard card, but money got deducted from my bank account. Order ID: #908513. This is very frustrating.",High,Pending Customer,Email
TCK-11369,Olivia Wang,olivia.wang88@example.com,Product Complaint,"Dear Customer Service, One of the dining table legs is two inches shorter than the others, making the table wobble violently. Defective manufacturing. Thank you!",Medium,Open,Live Chat
TCK-10832,Amelia Wang,amelia.wang70@example.com,Technical Support,"Hey, Mobile app push notifications are completely failing on Android 14 devices. Permissions are enabled in system settings. Thanks.",Low,Pending Customer,Live Chat
TCK-11312,Casey Tanaka,casey.tanaka82@example.com,Product Complaint,"Dear Customer Service, The smartphone display screen arrived with multiple visible scratches and a dead pixel in the center. Very poor quality control.",Medium,Open,Live Chat
TCK-11181,Chris Chen,chris.chen79@example.com,Account Issue,Urgent: Please help me update the legal company name and tax ID (VAT number) on our corporate subscription account. Thanks.,Critical,In Progress,Email
TCK-10460,Casey Patel,casey.patel17@example.com,Order Status,To whom it may concern: The tracking dashboard says 'Exception: Delay due to weather conditions'. How many days of delay should I anticipate? Thank you!,Medium,Open,Web Portal
TCK-11209,James Davis,james.davis88@example.com,Product Complaint,"Hi Support Team, The non-stick frying pan coating began peeling and flaking into food after just three gentle hand-wash cleanings. Please help me resolve this ASAP.",High,In Progress,Mobile App
TCK-10330,Alex Sharma,alex.sharma65@example.com,Login Problem,"Help needed: Password requirements page won't accept my 16-character secure passphrase, stating it contains illegal characters. This is very frustrating.",High,Pending Customer,Live Chat
TCK-10201,Amelia Jones,amelia.jones21@example.com,Login Problem,"Hello, My account says 'Account Temporarily Locked due to too many failed attempts'. How do I unlock it? I need access for my work urgently. Let me know how to proceed.",Critical,Resolved,Live Chat
TCK-10294,William Martinez,william.martinez31@example.com,Login Problem,"Hey, When I try to login from my home office IP address, it flags 'Suspicious login detected' and blocks my access completely. This is very frustrating.",Medium,Open,Web Portal
TCK-11115,Morgan Martinez,morgan.martinez50@example.com,Account Issue,"Dear Customer Service, I upgraded my plan from Basic to Pro, but my account dashboard is still displaying Basic tier limits and restrictions. Appreciate your quick assistance.",Medium,Resolved,Email
TCK-10947,Michael Miller,michael.miller64@example.com,Technical Support,Urgent: Our developers are unable to integrate the Webhook endpoint. Incoming POST payloads are missing the signature verification header. Kindly advise.,High,Pending Customer,Live Chat
TCK-10375,Aarav Johnson,aarav.johnson21@example.com,Login Problem,"Dear Customer Service, Password requirements page won't accept my 16-character secure passphrase, stating it contains illegal characters. Thanks.",Medium,Pending Customer,Mobile App
TCK-10541,Alexander Williams,alexander.williams34@example.com,Order Status,"Hello, Order #205530 is shown as 'Preparing for dispatch' since Monday. Customer care bot is not providing meaningful updates.",Low,Pending Customer,Web Portal
TCK-10831,Alexander Rodriguez,alexander.rodriguez29@example.com,Technical Support,"Hey, The desktop application crashes immediately upon opening on macOS Sonoma. Error log mentions 'Segmentation fault at 0x000003'. Kindly advise.",Critical,In Progress,Live Chat
TCK-11585,Pat Brown,pat.brown95@example.com,Delivery Issue,"Help needed: The delivery driver literally threw the heavy parcel over my high front fence, denting the outer shipping box. Kindly advise.",Medium,In Progress,Live Chat
TCK-11309,Amelia Miller,amelia.miller30@example.com,Product Complaint,"Hi Support Team, Fragile glass vase was shipped without adequate bubble wrap or protective padding, arriving completely shattered into pieces. Kindly advise.",Medium,In Progress,Web Portal
TCK-10046,David Wang,david.wang83@example.com,Payment Issue,"Dear Customer Service, My Apple Pay transaction timed out at final review, yet my credit limit shows the hold. Did the payment clear or should I retry? This is very frustrating.",Medium,Resolved,Live Chat
TCK-10252,Morgan Patel,morgan.patel45@example.com,Login Problem,"Hello, Biometric Face ID login failed on my iOS device and now asking for a master PIN that I never configured during initial setup. Appreciate your quick assistance.",High,Pending Customer,Email
TCK-11059,Isabella Smith,isabella.smith57@example.com,Account Issue,"Hey, I accidentally created two duplicate profiles for the same customer. Can your support team merge their loyalty points? Looking forward to your prompt response.",Medium,Pending Customer,Web Portal
TCK-10144,Morgan Martinez,morgan.martinez49@example.com,Payment Issue,"Dear Customer Service, Automatic renewal charged my expired card somehow and gave an overdue penalty of $661.50. Please fix my payment method. Let me know how to proceed.",Medium,In Progress,Email
TCK-10194,Sophia Lee,sophia.lee48@example.com,Payment Issue,"Good day, I used a promo coupon code offering $30 discount, but my final invoice charged the full price without the promotional deduction. Thanks.",Medium,Open,Email
TCK-11053,David Garcia,david.garcia88@example.com,Account Issue,"Hello, Please transfer ownership of our company team account to our new operations director email address. Thanks.",Medium,Resolved,Live Chat
TCK-10669,Charlotte Martinez,charlotte.martinez78@example.com,Refund Request,"Hello, I was promised a full refund of $110.99 due to defective parts, but you only credited a partial amount of $25. Please refund the remainder. Looking forward to your prompt response.",Low,Open,Live Chat
TCK-11032,James Brown,james.brown31@example.com,Account Issue,"Hello, Please help me update the legal company name and tax ID (VAT number) on our corporate subscription account. Kindly advise.",Medium,Open,Live Chat
TCK-11060,Avery Rodriguez,avery.rodriguez40@example.com,Account Issue,"Hey, Unable to modify my shipping address in saved profile settings. The 'Save Address' button stays greyed out. Appreciate your quick assistance.",Low,Resolved,Email
TCK-10565,William Smith,william.smith24@example.com,Order Status,"Urgent: I ordered three items under order #262544, but received only one small parcel today. Are the remaining two items shipping separately? Looking forward to your prompt response.",High,Open,Email
TCK-10620,William Singh,william.singh28@example.com,Refund Request,"Dear Customer Service, I returned the damaged jacket 10 days ago (return tracking #REF-95222). When will my refund of $71.99 be processed back to my card? Kindly advise.",Medium,Open,Mobile App
TCK-10262,Sophia Wang,sophia.wang64@example.com,Login Problem,"Dear Customer Service, Biometric Face ID login failed on my iOS device and now asking for a master PIN that I never configured during initial setup. Kindly advise.",High,Resolved,Live Chat
TCK-10719,Riley Lee,riley.lee92@example.com,Refund Request,"How long does it take for a refund to show on a Visa debit card? Your support agent said 3-5 business days, but today is day 9. This is very frustrating.",High,Open,Live Chat
TCK-11595,Isabella Johnson,isabella.johnson35@example.com,Delivery Issue,"Good day, Courier says delivery address is 'Incomplete / Missing Apt Number' even though my order confirmation shows complete details. Let me know how to proceed.",Medium,Open,Live Chat
TCK-10238,Ethan Brown,ethan.brown28@example.com,Login Problem,"Hello, The CAPTCHA on the login page does not load, leaving a blank square. Because of this, the login button remains disabled.",Medium,In Progress,Email
TCK-10985,Nikhil Johnson,nikhil.johnson96@example.com,Technical Support,Help needed: The desktop application crashes immediately upon opening on macOS Sonoma. Error log mentions 'Segmentation fault at 0x000003'. Looking forward to your prompt response.,High,Pending Customer,Email
TCK-10457,Aarav Verma,aarav.verma60@example.com,Order Status,Urgent: Is there any update on the backordered item in order #604792? It has been 2 weeks since the expected restock date. Please help me resolve this ASAP.,High,Resolved,Email
TCK-11588,Chris Wang,chris.wang93@example.com,Delivery Issue,"Hi Support Team, The courier tracking shows 'Returned to Sender - Recipient Not Found' without making any delivery attempt or phone call. Thanks.",Low,Open,Web Portal
TCK-10594,Sophia Brown,sophia.brown93@example.com,Order Status,"Hey, Is there any update on the backordered item in order #217473? It has been 2 weeks since the expected restock date. Looking forward to your prompt response.",Medium,Pending Customer,Live Chat
TCK-10518,William Rodriguez,william.rodriguez70@example.com,Order Status,"Hey, Order #348070 has been stuck on 'Processing in Warehouse' for over a week. When will it actually ship out? Please help me resolve this ASAP.",High,Pending Customer,Mobile App
TCK-11562,Alex Brown,alex.brown11@example.com,Delivery Issue,"To whom it may concern: Courier marked my package as 'Delivered to resident', but no one was home and there is no package on the porch or with neighbors. Kindly advise.",Low,Pending Customer,Email
TCK-11323,Pat Johnson,pat.johnson23@example.com,Product Complaint,"Hey, The wireless earbuds have terrible battery life, dying in less than 45 minutes instead of the advertised 8 hours of playback. Appreciate your quick assistance.",Medium,Resolved,Web Portal
TCK-11020,Michael Gupta,michael.gupta42@example.com,Account Issue,"Hello, We are receiving marketing emails and promotional newsletters even though all communication preferences are disabled in my profile. Let me know how to proceed.",Low,Pending Customer,Web Portal
TCK-10767,Jordan Singh,jordan.singh45@example.com,Refund Request,The return courier picked up the parcel from my doorstep on Monday. Kindly initiate the refund to my original payment source. Let me know how to proceed.,Medium,Pending Customer,Email
TCK-10274,Pat Patel,pat.patel48@example.com,Login Problem,To whom it may concern: Two-factor authentication code (2FA) is not arriving on my phone number. I have been locked out of my portal for 4 hours. Let me know how to proceed.,High,In Progress,Web Portal
TCK-11458,Alex Garcia,alex.garcia81@example.com,Delivery Issue,To whom it may concern: The courier tracking shows 'Returned to Sender - Recipient Not Found' without making any delivery attempt or phone call. Thank you!,Low,In Progress,Live Chat
TCK-11221,Sam Verma,sam.verma33@example.com,Product Complaint,"Hi Support Team, The smartphone display screen arrived with multiple visible scratches and a dead pixel in the center. Very poor quality control. Kindly advise.",Low,In Progress,Live Chat
TCK-11241,Chris Johnson,chris.johnson54@example.com,Product Complaint,"The material of this winter coat is extremely cheap and thin, completely different from what was advertised in your product photos. Appreciate your quick assistance.",Medium,In Progress,Email
TCK-10473,Pat Johnson,pat.johnson15@example.com,Order Status,"Hello, Where is my package for order #898309? The courier tracking shows 'Manifest Created' but carrier has not picked it up. Appreciate your quick assistance.",Low,In Progress,Mobile App
TCK-10667,Sam Gupta,sam.gupta83@example.com,Refund Request,"Good day, I am asking for my money back because the service was not provided. Please issue reimbursement. Please help me resolve this ASAP.",High,Open,Mobile App
TCK-10504,Rahul Garcia,rahul.garcia32@example.com,Order Status,Urgent: Checking if order #215562 can still be expedited to express next-day delivery? I am willing to pay the difference. Please help me resolve this ASAP.,High,In Progress,Mobile App
TCK-10465,Morgan Wang,morgan.wang97@example.com,Order Status,"Dear Customer Service, I never received an order confirmation email with my tracking number for the purchase made yesterday evening. Card was charged. Appreciate your quick assistance.",Low,Open,Live Chat
TCK-11245,Sam Sharma,sam.sharma36@example.com,Product Complaint,The non-stick frying pan coating began peeling and flaking into food after just three gentle hand-wash cleanings. Please help me resolve this ASAP.,High,Open,Web Portal
TCK-11276,Rahul Jones,rahul.jones54@example.com,Product Complaint,"Hello, Shoes look like they were previously worn; the soles are scuffed and dirty right out of the sealed shipping box. Thank you!",Low,Open,Web Portal
TCK-10234,Alexander Martinez,alexander.martinez40@example.com,Login Problem,"Hey, Single Sign-On (SSO) via Google returns an error 'OAuth2 callback failed: 403 Forbidden'. Unable to access my dashboard. This is very frustrating.",Medium,In Progress,Email
TCK-11104,Neha Kim,neha.kim75@example.com,Account Issue,"Hi Support Team, Please help me update the legal company name and tax ID (VAT number) on our corporate subscription account. Appreciate your quick assistance.",Low,Resolved,Email
TCK-11028,Aarav Kim,aarav.kim97@example.com,Account Issue,"Dear Customer Service, Please transfer ownership of our company team account to our new operations director email address. Thanks.",Low,Pending Customer,Live Chat
TCK-11558,Morgan Singh,morgan.singh98@example.com,Delivery Issue,My delivery is delayed by over 6 business days with zero explanations from the courier service. Placed order #986168.,High,Resolved,Mobile App
TCK-10656,Ananya Jones,ananya.jones97@example.com,Refund Request,"Hey, Can I get a refund back to my original payment method? I have already shipped the return item. Appreciate your quick assistance.",Medium,Pending Customer,Mobile App
TCK-10136,Charlotte Garcia,charlotte.garcia93@example.com,Payment Issue,"Hi Support Team, I used a promo coupon code offering $30 discount, but my final invoice charged the full price without the promotional deduction. Appreciate your quick assistance.",Low,Pending Customer,Mobile App
TCK-11384,Ethan Davis,ethan.davis99@example.com,Product Complaint,"Hey, One of the dining table legs is two inches shorter than the others, making the table wobble violently. Defective manufacturing. Thanks.",Medium,Pending Customer,Live Chat
TCK-10494,Nikhil Sharma,nikhil.sharma20@example.com,Order Status,"Dear Customer Service, Could you confirm if order #557870 has been dispatched? The estimated arrival date was today, but no courier updates yet. Thanks.",Low,Open,Web Portal
TCK-10422,Avery Miller,avery.miller98@example.com,Order Status,"Hello, Can you send me the invoice and live GPS tracking link for order #206031 placed under my business account?",Low,Pending Customer,Mobile App
TCK-10199,Sophia Garcia,sophia.garcia75@example.com,Payment Issue,Urgent: Attempting to pay via PayPal gives error code PAY_9021. The payment processing loop just hangs without confirmation. This is very frustrating.,Critical,In Progress,Web Portal
TCK-10773,Olivia Jones,olivia.jones84@example.com,Refund Request,To whom it may concern: Overcharged by $580.25 due to recurring billing glitch after account cancellation. Please reverse and refund this immediately. Let me know how to proceed.,Critical,In Progress,Web Portal
TCK-10646,Sam Patel,sam.patel77@example.com,Refund Request,"Hi Support Team, Returned package was delivered to your warehouse according to FedEx tracking #REF-82355. When will inspection complete and refund issue? Thank you!",Medium,Resolved,Email
TCK-10035,David Sharma,david.sharma72@example.com,Payment Issue,"Hey, Bank statement shows two identical deductions of $227.99 dated yesterday for the same order #275473. Kindly refund the extra deduction. Appreciate your quick assistance.",Low,Open,Web Portal
TCK-10998,Michael Martinez,michael.martinez79@example.com,Technical Support,"Good day, Search functionality in the app is broken; typing any search query returns an unhandled React error in the browser console. Looking forward to your prompt response.",High,Resolved,Email
TCK-10512,Isabella Verma,isabella.verma78@example.com,Order Status,To whom it may concern: I need to check the delivery timeline for purchase #265027. Will it reach before Friday as I am traveling out of state? Thank you!,Medium,Pending Customer,Mobile App
TCK-11145,Isabella Rodriguez,isabella.rodriguez37@example.com,Account Issue,Urgent: I would like to permanently delete my account and erase all associated personal data in accordance with GDPR regulations.,High,In Progress,Live Chat
TCK-10312,James Jones,james.jones51@example.com,Login Problem,"Hey, Password requirements page won't accept my 16-character secure passphrase, stating it contains illegal characters.",Low,Pending Customer,Mobile App
TCK-10727,Riley Martinez,riley.martinez82@example.com,Refund Request,"Hey, Returned package was delivered to your warehouse according to FedEx tracking #REF-51993. When will inspection complete and refund issue? Looking forward to your prompt response.",Low,Pending Customer,Web Portal
TCK-10794,Sam Gupta,sam.gupta52@example.com,Refund Request,Urgent: Sent the package back via postal return. Where is my refund? It has been over two weeks. Please help me resolve this ASAP.,Critical,Resolved,Web Portal
TCK-11373,Charlotte Verma,charlotte.verma54@example.com,Product Complaint,"Help needed: One of the dining table legs is two inches shorter than the others, making the table wobble violently. Defective manufacturing. Looking forward to your prompt response.",Low,Pending Customer,Web Portal
TCK-11540,David Smith,david.smith59@example.com,Delivery Issue,"Hey, Delivery address was updated to my new apartment, but the package was dispatched to my old address in another city. Thanks.",Low,Open,Web Portal
TCK-10980,Isabella Patel,isabella.patel91@example.com,Technical Support,Help needed: Our developers are unable to integrate the Webhook endpoint. Incoming POST payloads are missing the signature verification header. Thanks.,Medium,Open,Mobile App
TCK-10587,Daniel Jones,daniel.jones44@example.com,Order Status,"Hello, Order #423497 is shown as 'Preparing for dispatch' since Monday. Customer care bot is not providing meaningful updates.",Medium,Open,Mobile App
TCK-11142,David Williams,david.williams22@example.com,Account Issue,"Good day, I would like to permanently delete my account and erase all associated personal data in accordance with GDPR regulations.",Low,Pending Customer,Web Portal
TCK-10737,Alex Smith,alex.smith83@example.com,Refund Request,Help needed: Please cancel my annual subscription renewal and issue a full refund as per your 30-day money-back guarantee policy. Let me know how to proceed.,Medium,In Progress,Web Portal
TCK-10031,Ethan Johnson,ethan.johnson98@example.com,Payment Issue,"Hey, I cannot add my new credit card in the billing settings. It shows 'Tokenization Failed - invalid CVV' even though CVV is completely correct. Kindly advise.",High,Resolved,Email
TCK-10437,Chris Jones,chris.jones62@example.com,Order Status,"Hey, The tracking dashboard says 'Exception: Delay due to weather conditions'. How many days of delay should I anticipate? Kindly advise.",Medium,In Progress,Mobile App
TCK-10866,Nikhil Johnson,nikhil.johnson49@example.com,Technical Support,"Dear Customer Service, Exported CSV files have corrupted text formatting and broken UTF-8 encoding for international non-English characters. Please help me resolve this ASAP.",Critical,Pending Customer,Mobile App
TCK-10997,Avery Patel,avery.patel56@example.com,Technical Support,"Hello, WebSocket connection drops repeatedly with code 1006. Reconnection attempts cause UI lag and high CPU consumption. Kindly advise.",Low,Pending Customer,Email
TCK-11121,Avery Jones,avery.jones22@example.com,Account Issue,"To whom it may concern: Our team seat count is capped at 5, but our invoice shows 10 active licenses. Please audit our user seats and adjust the billing tier. Let me know how to proceed.",Low,Open,Mobile App
TCK-10896,Rahul Gupta,rahul.gupta10@example.com,Technical Support,WebSocket connection drops repeatedly with code 1006. Reconnection attempts cause UI lag and high CPU consumption. Kindly advise.,Low,Pending Customer,Web Portal
TCK-10206,Isabella Brown,isabella.brown60@example.com,Login Problem,"Dear Customer Service, Verification code sent to authenticator app (Google Authenticator) says 'Code expired' every time I type it in. Thanks.",Low,In Progress,Email
TCK-10789,Nikhil Verma,nikhil.verma22@example.com,Refund Request,To whom it may concern: I returned the damaged jacket 10 days ago (return tracking #REF-72498). When will my refund of $666.75 be processed back to my card?,Medium,Pending Customer,Web Portal
TCK-10537,Priya Patel,priya.patel93@example.com,Order Status,Order status shows 'In Transit' for the last 10 days with no location scans since leaving the regional sorting hub. This is very frustrating.,High,Open,Mobile App
TCK-10955,Amelia Davis,amelia.davis21@example.com,Technical Support,"Hello, File upload feature fails for files larger than 15MB with 'Payload Too Large' error, despite our plan allowing up to 100MB uploads. Please help me resolve this ASAP.",Critical,Open,Live Chat
TCK-10034,David Jones,david.jones73@example.com,Payment Issue,"Hello, Why is my debit card being declined at the payment screen? There are sufficient funds available and my bank says the merchant gateway is rejecting it.",Medium,Open,Web Portal
TCK-11143,Aarav Patel,aarav.patel31@example.com,Account Issue,"Urgent: I upgraded my plan from Basic to Pro, but my account dashboard is still displaying Basic tier limits and restrictions. Thank you!",Critical,Open,Live Chat
TCK-10860,Michael Singh,michael.singh13@example.com,Technical Support,"Good day, Our developers are unable to integrate the Webhook endpoint. Incoming POST payloads are missing the signature verification header. Thank you!",Medium,Resolved,Email
TCK-11055,Avery Williams,avery.williams79@example.com,Account Issue,"To whom it may concern: Our team seat count is capped at 5, but our invoice shows 10 active licenses. Please audit our user seats and adjust the billing tier. Thank you!",Medium,Resolved,Email
TCK-11108,Charlotte Wang,charlotte.wang91@example.com,Account Issue,How can I merge two accounts created under different email addresses so all my purchased licenses are under one master profile? This is very frustrating.,High,Open,Web Portal
TCK-11329,Morgan Johnson,morgan.johnson19@example.com,Product Complaint,Urgent: Shoes look like they were previously worn; the soles are scuffed and dirty right out of the sealed shipping box. Thank you!,Critical,Pending Customer,Mobile App
TCK-10575,Isabella Garcia,isabella.garcia65@example.com,Order Status,"Good day, I ordered three items under order #256134, but received only one small parcel today. Are the remaining two items shipping separately? Kindly advise.",Medium,In Progress,Email
TCK-10986,Taylor Smith,taylor.smith12@example.com,Technical Support,"Hello, Database sync is failing between the mobile client and the cloud server. Offline edits are completely lost upon reconnecting. Looking forward to your prompt response.",Medium,In Progress,Live Chat
TCK-10290,Rahul Singh,rahul.singh97@example.com,Login Problem,"To whom it may concern: I cannot log into my account. When I submit my password, the screen displays 'Invalid Credentials' even though I just reset it.",Low,Resolved,Mobile App
TCK-10230,Taylor Davis,taylor.davis29@example.com,Login Problem,I get 'Session expired - please login again' immediately after entering my correct username and password. Infinite loop bug. Kindly advise.,High,Open,Web Portal
TCK-11158,Morgan Garcia,morgan.garcia49@example.com,Account Issue,"To whom it may concern: Our team seat count is capped at 5, but our invoice shows 10 active licenses. Please audit our user seats and adjust the billing tier. Appreciate your quick assistance.",Medium,Resolved,Email
TCK-10066,Amelia Verma,amelia.verma71@example.com,Payment Issue,Help needed: I received an unexpected transaction alert of $100.50 from your company that I did not authorize. Please investigate this billing error. This is very frustrating.,High,Resolved,Mobile App
TCK-10793,James Wang,james.wang75@example.com,Refund Request,"Dear Customer Service, I am asking for my money back because the service was not provided. Please issue reimbursement. Kindly advise.",Low,In Progress,Live Chat
TCK-11036,Michael Kim,michael.kim52@example.com,Account Issue,"Good day, We are receiving marketing emails and promotional newsletters even though all communication preferences are disabled in my profile. This is very frustrating.",Medium,Pending Customer,Email
TCK-11541,Pat Kim,pat.kim58@example.com,Delivery Issue,"Hi Support Team, The courier tracking shows 'Returned to Sender - Recipient Not Found' without making any delivery attempt or phone call. Please help me resolve this ASAP.",Critical,Resolved,Live Chat
TCK-10877,Isabella Gupta,isabella.gupta74@example.com,Technical Support,"Hi Support Team, Search functionality in the app is broken; typing any search query returns an unhandled React error in the browser console. Looking forward to your prompt response.",High,Open,Live Chat
TCK-11478,David Chen,david.chen56@example.com,Delivery Issue,"The courier driver refused to bring the heavy 45kg parcel up to my apartment floor, leaving it on the street sidewalk. Appreciate your quick assistance.",Low,Pending Customer,Live Chat
TCK-10914,Casey Miller,casey.miller20@example.com,Technical Support,"Hello, Database sync is failing between the mobile client and the cloud server. Offline edits are completely lost upon reconnecting. This is very frustrating.",High,In Progress,Live Chat
TCK-10258,Chris Garcia,chris.garcia39@example.com,Login Problem,"Good day, I get 'Session expired - please login again' immediately after entering my correct username and password. Infinite loop bug. Thanks.",Critical,Open,Mobile App
TCK-11499,Taylor Sharma,taylor.sharma26@example.com,Delivery Issue,Help needed: The parcel was left out in heavy pouring rain on my uncovered driveway instead of under the covered front porch. Appreciate your quick assistance.,Low,Pending Customer,Mobile App
